연도,시도,65-69세,70-74세,75-79세,80-84세,85세이상,region,광역지자체,기초지자체,교육인원,행정구역,2025년07월_전체,2025년07월_남자,2025년07월_여자,2025년07월_65세이상전체,2025년07월_65세이상남자,2025년07월_65세이상여자,구분,Unnamed: 1,기관수,프로그램수,학습자수,교강사수,사무직원수
2022.0,강원 Gangwon,22311.0,16371.0,15769.0,14517.0,10519.0,강원특별자치도,강원특별자치도,강릉시,2890.0,강원특별자치도  (5100000000),1510181.0,759348.0,750833.0,396516.0,178049.0,218467.0,,,,,,,
2022.0,강원 Gangwon,22311.0,16371.0,15769.0,14517.0,10519.0,강원특별자치도,강원특별자치도,고성군,46.0,강원특별자치도  (5100000000),1510181.0,759348.0,750833.0,396516.0,178049.0,218467.0,,,,,,,
2022.0,강원 Gangwon,22311.0,16371.0,15769.0,14517.0,10519.0,강원특별자치도,강원특별자치도,동해시,1754.0,강원특별자치도  (5100000000),1510181.0,759348.0,750833.0,396516.0,178049.0,218467.0,,,,,,,
2022.0,강원 Gangwon,22311.0,16371.0,15769.0,14517.0,10519.0,강원특별자치도,강원특별자치도,삼척시,420.0,강원특별자치도  (5100000000),1510181.0,759348.0,750833.0,396516.0,178049.0,218467.0,,,,,,,
2022.0,강원 Gangwon,22311.0,16371.0,15769.0,14517.0,10519.0,강원특별자치도,강원특별자치도,속초시,168.0,강원특별자치도  (5100000000),1510181.0,759348.0,750833.0,396516.0,178049.0,218467.0,,,,,,,
2022.0,강원 Gangwon,22311.0,16371.0,15769.0,14517.0,10519.0,강원특별자치도,강원특별자치도,양구군,107.0,강원특별자치도  (5100000000),1510181.0,759348.0,750833.0,396516.0,178049.0,218467.0,,,,,,,
2022.0,강원 Gangwon,22311.0,16371.0,15769.0,14517.0,10519.0,강원특별자치도,강원특별자치도,양양군,262.0,강원특별자치도  (5100000000),1510181.0,759348.0,750833.0,396516.0,178049.0,218467.0,,,,,,,
2022.0,강원 Gangwon,22311.0,16371.0,15769.0,14517.0,10519.0,강원특별자치도,강원특별자치도,영월군,565.0,강원특별자치도  (5100000000),1510181.0,759348.0,750833.0,396516.0,178049.0,218467.0,,,,,,,
2022.0,강원 Gangwon,22311.0,16371.0,15769.0,14517.0,10519.0,강원특별자치도,강원특별자치도,원주시,7194.0,강원특별자치도  (5100000000),1510181.0,759348.0,750833.0,396516.0,178049.0,218467.0,,,,,,,
2022.0,강원 Gangwon,22311.0,16371.0,15769.0,14517.0,10519.0,강원특별자치도,강원특별자치도,인제군,355.0,강원특별자치도  (5100000000),1510181.0,759348.0,750833.0,396516.0,178049.0,218467.0,,,,,,,
2022.0,강원 Gangwon,22311.0,16371.0,15769.0,14517.0,10519.0,강원특별자치도,강원특별자치도,정선군,179.0,강원특별자치도  (5100000000),1510181.0,759348.0,750833.0,396516.0,178049.0,218467.0,,,,,,,
2022.0,강원 Gangwon,22311.0,16371.0,15769.0,14517.0,10519.0,강원특별자치도,강원특별자치도,철원군,12.0,강원특별자치도  (5100000000),1510181.0,759348.0,750833.0,396516.0,178049.0,218467.0,,,,,,,
2022.0,강원 Gangwon,22311.0,16371.0,15769.0,14517.0,10519.0,강원특별자치도,강원특별자치도,춘천시,4205.0,강원특별자치도  (5100000000),1510181.0,759348.0,750833.0,396516.0,178049.0,218467.0,,,,,,,
2022.0,강원 Gangwon,22311.0,16371.0,15769.0,14517.0,10519.0,강원특별자치도,강원특별자치도,태백시,48.0,강원특별자치도  (5100000000),1510181.0,759348.0,750833.0,396516.0,178049.0,218467.0,,,,,,,
2022.0,강원 Gangwon,22311.0,16371.0,15769.0,14517.0,10519.0,강원특별자치도,강원특별자치도,평창군,106.0,강원특별자치도  (5100000000),1510181.0,759348.0,750833.0,396516.0,178049.0,218467.0,,,,,,,
2022.0,강원 Gangwon,22311.0,16371.0,15769.0,14517.0,10519.0,강원특별자치도,강원특별자치도,홍천군,887.0,강원특별자치도  (5100000000),1510181.0,759348.0,750833.0,396516.0,178049.0,218467.0,,,,,,,
2022.0,강원 Gangwon,22311.0,16371.0,15769.0,14517.0,10519.0,강원특별자치도,강원특별자치도,화천군,12.0,강원특별자치도  (5100000000),1510181.0,759348.0,750833.0,396516.0,178049.0,218467.0,,,,,,,
2022.0,강원 Gangwon,22311.0,16371.0,15769.0,14517.0,10519.0,강원특별자치도,강원특별자치도,횡성군,709.0,강원특별자치도  (5100000000),1510181.0,759348.0,750833.0,396516.0,178049.0,218467.0,,,,,,,
2022.0,강원 Gangwon,22311.0,16371.0,15769.0,14517.0,10519.0,강원특별자치도,강원특별자치도,이동형 교육,439.0,강원특별자치도  (5100000000),1510181.0,759348.0,750833.0,396516.0,178049.0,218467.0,,,,,,,
2023.0,강원 Gangwon,24488.0,17181.0,16050.0,15225.0,11836.0,강원특별자치도,강원특별자치도,강릉시,2890.0,강원특별자치도  (5100000000),1510181.0,759348.0,750833.0,396516.0,178049.0,218467.0,,,,,,,
2023.0,강원 Gangwon,24488.0,17181.0,16050.0,15225.0,11836.0,강원특별자치도,강원특별자치도,고성군,46.0,강원특별자치도  (5100000000),1510181.0,759348.0,750833.0,396516.0,178049.0,218467.0,,,,,,,
2023.0,강원 Gangwon,24488.0,17181.0,16050.0,15225.0,11836.0,강원특별자치도,강원특별자치도,동해시,1754.0,강원특별자치도  (5100000000),1510181.0,759348.0,750833.0,396516.0,178049.0,218467.0,,,,,,,
2023.0,강원 Gangwon,24488.0,17181.0,16050.0,15225.0,11836.0,강원특별자치도,강원특별자치도,삼척시,420.0,강원특별자치도  (5100000000),1510181.0,759348.0,750833.0,396516.0,178049.0,218467.0,,,,,,,
2023.0,강원 Gangwon,24488.0,17181.0,16050.0,15225.0,11836.0,강원특별자치도,강원특별자치도,속초시,168.0,강원특별자치도  (5100000000),1510181.0,759348.0,750833.0,396516.0,178049.0,218467.0,,,,,,,
2023.0,강원 Gangwon,24488.0,17181.0,16050.0,15225.0,11836.0,강원특별자치도,강원특별자치도,양구군,107.0,강원특별자치도  (5100000000),1510181.0,759348.0,750833.0,396516.0,178049.0,218467.0,,,,,,,
2023.0,강원 Gangwon,24488.0,17181.0,16050.0,15225.0,11836.0,강원특별자치도,강원특별자치도,양양군,262.0,강원특별자치도  (5100000000),1510181.0,759348.0,750833.0,396516.0,178049.0,218467.0,,,,,,,
2023.0,강원 Gangwon,24488.0,17181.0,16050.0,15225.0,11836.0,강원특별자치도,강원특별자치도,영월군,565.0,강원특별자치도  (5100000000),1510181.0,759348.0,750833.0,396516.0,178049.0,218467.0,,,,,,,
2023.0,강원 Gangwon,24488.0,17181.0,16050.0,15225.0,11836.0,강원특별자치도,강원특별자치도,원주시,7194.0,강원특별자치도  (5100000000),1510181.0,759348.0,750833.0,396516.0,178049.0,218467.0,,,,,,,
2023.0,강원 Gangwon,24488.0,17181.0,16050.0,15225.0,11836.0,강원특별자치도,강원특별자치도,인제군,355.0,강원특별자치도  (5100000000),1510181.0,759348.0,750833.0,396516.0,178049.0,218467.0,,,,,,,
2023.0,강원 Gangwon,24488.0,17181.0,16050.0,15225.0,11836.0,강원특별자치도,강원특별자치도,정선군,179.0,강원특별자치도  (5100000000),1510181.0,759348.0,750833.0,396516.0,178049.0,218467.0,,,,,,,
2023.0,강원 Gangwon,24488.0,17181.0,16050.0,15225.0,11836.0,강원특별자치도,강원특별자치도,철원군,12.0,강원특별자치도  (5100000000),1510181.0,759348.0,750833.0,396516.0,178049.0,218467.0,,,,,,,
2023.0,강원 Gangwon,24488.0,17181.0,16050.0,15225.0,11836.0,강원특별자치도,강원특별자치도,춘천시,4205.0,강원특별자치도  (5100000000),1510181.0,759348.0,750833.0,396516.0,178049.0,218467.0,,,,,,,
2023.0,강원 Gangwon,24488.0,17181.0,16050.0,15225.0,11836.0,강원특별자치도,강원특별자치도,태백시,48.0,강원특별자치도  (5100000000),1510181.0,759348.0,750833.0,396516.0,178049.0,218467.0,,,,,,,
2023.0,강원 Gangwon,24488.0,17181.0,16050.0,15225.0,11836.0,강원특별자치도,강원특별자치도,평창군,106.0,강원특별자치도  (5100000000),1510181.0,759348.0,750833.0,396516.0,178049.0,218467.0,,,,,,,
2023.0,강원 Gangwon,24488.0,17181.0,16050.0,15225.0,11836.0,강원특별자치도,강원특별자치도,홍천군,887.0,강원특별자치도  (5100000000),1510181.0,759348.0,750833.0,396516.0,178049.0,218467.0,,,,,,,
2023.0,강원 Gangwon,24488.0,17181.0,16050.0,15225.0,11836.0,강원특별자치도,강원특별자치도,화천군,12.0,강원특별자치도  (5100000000),1510181.0,759348.0,750833.0,396516.0,178049.0,218467.0,,,,,,,
2023.0,강원 Gangwon,24488.0,17181.0,16050.0,15225.0,11836.0,강원특별자치도,강원특별자치도,횡성군,709.0,강원특별자치도  (5100000000),1510181.0,759348.0,750833.0,396516.0,178049.0,218467.0,,,,,,,
2023.0,강원 Gangwon,24488.0,17181.0,16050.0,15225.0,11836.0,강원특별자치도,강원특별자치도,이동형 교육,439.0,강원특별자치도  (5100000000),1510181.0,759348.0,750833.0,396516.0,178049.0,218467.0,,,,,,,
2022.0,경기 Gyeonggi,108953.0,78302.0,65344.0,53678.0,37515.0,경기도,경기도,가평군,729.0,경기도  (4100000000),13715016.0,6889738.0,6825278.0,2366589.0,1073213.0,1293376.0,,,,,,,
2022.0,경기 Gyeonggi,108953.0,78302.0,65344.0,53678.0,37515.0,경기도,경기도,고양시,1540.0,경기도  (4100000000),13715016.0,6889738.0,6825278.0,2366589.0,1073213.0,1293376.0,,,,,,,
2022.0,경기 Gyeonggi,108953.0,78302.0,65344.0,53678.0,37515.0,경기도,경기도,과천시,236.0,경기도  (4100000000),13715016.0,6889738.0,6825278.0,2366589.0,1073213.0,1293376.0,,,,,,,
2022.0,경기 Gyeonggi,108953.0,78302.0,65344.0,53678.0,37515.0,경기도,경기도,광명시,2770.0,경기도  (4100000000),13715016.0,6889738.0,6825278.0,2366589.0,1073213.0,1293376.0,,,,,,,
2022.0,경기 Gyeonggi,108953.0,78302.0,65344.0,53678.0,37515.0,경기도,경기도,광주시,322.0,경기도  (4100000000),13715016.0,6889738.0,6825278.0,2366589.0,1073213.0,1293376.0,,,,,,,
2022.0,경기 Gyeonggi,108953.0,78302.0,65344.0,53678.0,37515.0,경기도,경기도,구리시,72.0,경기도  (4100000000),13715016.0,6889738.0,6825278.0,2366589.0,1073213.0,1293376.0,,,,,,,
2022.0,경기 Gyeonggi,108953.0,78302.0,65344.0,53678.0,37515.0,경기도,경기도,군포시,819.0,경기도  (4100000000),13715016.0,6889738.0,6825278.0,2366589.0,1073213.0,1293376.0,,,,,,,
2022.0,경기 Gyeonggi,108953.0,78302.0,65344.0,53678.0,37515.0,경기도,경기도,김포시,3683.0,경기도  (4100000000),13715016.0,6889738.0,6825278.0,2366589.0,1073213.0,1293376.0,,,,,,,
2022.0,경기 Gyeonggi,108953.0,78302.0,65344.0,53678.0,37515.0,경기도,경기도,남양주시,251.0,경기도  (4100000000),13715016.0,6889738.0,6825278.0,2366589.0,1073213.0,1293376.0,,,,,,,
2022.0,경기 Gyeonggi,108953.0,78302.0,65344.0,53678.0,37515.0,경기도,경기도,동두천시,180.0,경기도  (4100000000),13715016.0,6889738.0,6825278.0,2366589.0,1073213.0,1293376.0,,,,,,,
2022.0,경기 Gyeonggi,108953.0,78302.0,65344.0,53678.0,37515.0,경기도,경기도,부천시,4091.0,경기도  (4100000000),13715016.0,6889738.0,6825278.0,2366589.0,1073213.0,1293376.0,,,,,,,
2022.0,경기 Gyeonggi,108953.0,78302.0,65344.0,53678.0,37515.0,경기도,경기도,성남시,3014.0,경기도  (4100000000),13715016.0,6889738.0,6825278.0,2366589.0,1073213.0,1293376.0,,,,,,,
2022.0,경기 Gyeonggi,108953.0,78302.0,65344.0,53678.0,37515.0,경기도,경기도,수원시,9797.0,경기도  (4100000000),13715016.0,6889738.0,6825278.0,2366589.0,1073213.0,1293376.0,,,,,,,
2022.0,경기 Gyeonggi,108953.0,78302.0,65344.0,53678.0,37515.0,경기도,경기도,시흥시,1962.0,경기도  (4100000000),13715016.0,6889738.0,6825278.0,2366589.0,1073213.0,1293376.0,,,,,,,
2022.0,경기 Gyeonggi,108953.0,78302.0,65344.0,53678.0,37515.0,경기도,경기도,안산시,2389.0,경기도  (4100000000),13715016.0,6889738.0,6825278.0,2366589.0,1073213.0,1293376.0,,,,,,,
2022.0,경기 Gyeonggi,108953.0,78302.0,65344.0,53678.0,37515.0,경기도,경기도,안성시,3133.0,경기도  (4100000000),13715016.0,6889738.0,6825278.0,2366589.0,1073213.0,1293376.0,,,,,,,
2022.0,경기 Gyeonggi,108953.0,78302.0,65344.0,53678.0,37515.0,경기도,경기도,안양시,1324.0,경기도  (4100000000),13715016.0,6889738.0,6825278.0,2366589.0,1073213.0,1293376.0,,,,,,,
2022.0,경기 Gyeonggi,108953.0,78302.0,65344.0,53678.0,37515.0,경기도,경기도,양주시,325.0,경기도  (4100000000),13715016.0,6889738.0,6825278.0,2366589.0,1073213.0,1293376.0,,,,,,,
2022.0,경기 Gyeonggi,108953.0,78302.0,65344.0,53678.0,37515.0,경기도,경기도,양평군,687.0,경기도  (4100000000),13715016.0,6889738.0,6825278.0,2366589.0,1073213.0,1293376.0,,,,,,,
2022.0,경기 Gyeonggi,108953.0,78302.0,65344.0,53678.0,37515.0,경기도,경기도,여주시,1074.0,경기도  (4100000000),13715016.0,6889738.0,6825278.0,2366589.0,1073213.0,1293376.0,,,,,,,
2022.0,경기 Gyeonggi,108953.0,78302.0,65344.0,53678.0,37515.0,경기도,경기도,연천군,421.0,경기도  (4100000000),13715016.0,6889738.0,6825278.0,2366589.0,1073213.0,1293376.0,,,,,,,
2022.0,경기 Gyeonggi,108953.0,78302.0,65344.0,53678.0,37515.0,경기도,경기도,오산시,2517.0,경기도  (4100000000),13715016.0,6889738.0,6825278.0,2366589.0,1073213.0,1293376.0,,,,,,,
2022.0,경기 Gyeonggi,108953.0,78302.0,65344.0,53678.0,37515.0,경기도,경기도,용인시,1340.0,경기도  (4100000000),13715016.0,6889738.0,6825278.0,2366589.0,1073213.0,1293376.0,,,,,,,
2022.0,경기 Gyeonggi,108953.0,78302.0,65344.0,53678.0,37515.0,경기도,경기도,의왕시,600.0,경기도  (4100000000),13715016.0,6889738.0,6825278.0,2366589.0,1073213.0,1293376.0,,,,,,,
2022.0,경기 Gyeonggi,108953.0,78302.0,65344.0,53678.0,37515.0,경기도,경기도,의정부시,3220.0,경기도  (4100000000),13715016.0,6889738.0,6825278.0,2366589.0,1073213.0,1293376.0,,,,,,,
2022.0,경기 Gyeonggi,108953.0,78302.0,65344.0,53678.0,37515.0,경기도,경기도,이천시,744.0,경기도  (4100000000),13715016.0,6889738.0,6825278.0,2366589.0,1073213.0,1293376.0,,,,,,,
2022.0,경기 Gyeonggi,108953.0,78302.0,65344.0,53678.0,37515.0,경기도,경기도,파주시,633.0,경기도  (4100000000),13715016.0,6889738.0,6825278.0,2366589.0,1073213.0,1293376.0,,,,,,,
2022.0,경기 Gyeonggi,108953.0,78302.0,65344.0,53678.0,37515.0,경기도,경기도,평택시,672.0,경기도  (4100000000),13715016.0,6889738.0,6825278.0,2366589.0,1073213.0,1293376.0,,,,,,,
2022.0,경기 Gyeonggi,108953.0,78302.0,65344.0,53678.0,37515.0,경기도,경기도,포천시,444.0,경기도  (4100000000),13715016.0,6889738.0,6825278.0,2366589.0,1073213.0,1293376.0,,,,,,,
2022.0,경기 Gyeonggi,108953.0,78302.0,65344.0,53678.0,37515.0,경기도,경기도,하남시,793.0,경기도  (4100000000),13715016.0,6889738.0,6825278.0,2366589.0,1073213.0,1293376.0,,,,,,,
2022.0,경기 Gyeonggi,108953.0,78302.0,65344.0,53678.0,37515.0,경기도,경기도,화성시,1777.0,경기도  (4100000000),13715016.0,6889738.0,6825278.0,2366589.0,1073213.0,1293376.0,,,,,,,
2022.0,경기 Gyeonggi,108953.0,78302.0,65344.0,53678.0,37515.0,경기도,경기도,이동형 교육,1621.0,경기도  (4100000000),13715016.0,6889738.0,6825278.0,2366589.0,1073213.0,1293376.0,,,,,,,
2023.0,경기 Gyeonggi,24000.5,83067.0,69006.0,58256.0,42128.0,경기도,경기도,가평군,729.0,경기도  (4100000000),13715016.0,6889738.0,6825278.0,2366589.0,1073213.0,1293376.0,,,,,,,
2023.0,경기 Gyeonggi,24000.5,83067.0,69006.0,58256.0,42128.0,경기도,경기도,고양시,1540.0,경기도  (4100000000),13715016.0,6889738.0,6825278.0,2366589.0,1073213.0,1293376.0,,,,,,,
2023.0,경기 Gyeonggi,24000.5,83067.0,69006.0,58256.0,42128.0,경기도,경기도,과천시,236.0,경기도  (4100000000),13715016.0,6889738.0,6825278.0,2366589.0,1073213.0,1293376.0,,,,,,,
2023.0,경기 Gyeonggi,24000.5,83067.0,69006.0,58256.0,42128.0,경기도,경기도,광명시,2770.0,경기도  (4100000000),13715016.0,6889738.0,6825278.0,2366589.0,1073213.0,1293376.0,,,,,,,
2023.0,경기 Gyeonggi,24000.5,83067.0,69006.0,58256.0,42128.0,경기도,경기도,광주시,322.0,경기도  (4100000000),13715016.0,6889738.0,6825278.0,2366589.0,1073213.0,1293376.0,,,,,,,
2023.0,경기 Gyeonggi,24000.5,83067.0,69006.0,58256.0,42128.0,경기도,경기도,구리시,72.0,경기도  (4100000000),13715016.0,6889738.0,6825278.0,2366589.0,1073213.0,1293376.0,,,,,,,
2023.0,경기 Gyeonggi,24000.5,83067.0,69006.0,58256.0,42128.0,경기도,경기도,군포시,819.0,경기도  (4100000000),13715016.0,6889738.0,6825278.0,2366589.0,1073213.0,1293376.0,,,,,,,
2023.0,경기 Gyeonggi,24000.5,83067.0,69006.0,58256.0,42128.0,경기도,경기도,김포시,3683.0,경기도  (4100000000),13715016.0,6889738.0,6825278.0,2366589.0,1073213.0,1293376.0,,,,,,,
2023.0,경기 Gyeonggi,24000.5,83067.0,69006.0,58256.0,42128.0,경기도,경기도,남양주시,251.0,경기도  (4100000000),13715016.0,6889738.0,6825278.0,2366589.0,1073213.0,1293376.0,,,,,,,
2023.0,경기 Gyeonggi,24000.5,83067.0,69006.0,58256.0,42128.0,경기도,경기도,동두천시,180.0,경기도  (4100000000),13715016.0,6889738.0,6825278.0,2366589.0,1073213.0,1293376.0,,,,,,,
2023.0,경기 Gyeonggi,24000.5,83067.0,69006.0,58256.0,42128.0,경기도,경기도,부천시,4091.0,경기도  (4100000000),13715016.0,6889738.0,6825278.0,2366589.0,1073213.0,1293376.0,,,,,,,
2023.0,경기 Gyeonggi,24000.5,83067.0,69006.0,58256.0,42128.0,경기도,경기도,성남시,3014.0,경기도  (4100000000),13715016.0,6889738.0,6825278.0,2366589.0,1073213.0,1293376.0,,,,,,,
2023.0,경기 Gyeonggi,24000.5,83067.0,69006.0,58256.0,42128.0,경기도,경기도,수원시,9797.0,경기도  (4100000000),13715016.0,6889738.0,6825278.0,2366589.0,1073213.0,1293376.0,,,,,,,
2023.0,경기 Gyeonggi,24000.5,83067.0,69006.0,58256.0,42128.0,경기도,경기도,시흥시,1962.0,경기도  (4100000000),13715016.0,6889738.0,6825278.0,2366589.0,1073213.0,1293376.0,,,,,,,
2023.0,경기 Gyeonggi,24000.5,83067.0,69006.0,58256.0,42128.0,경기도,경기도,안산시,2389.0,경기도  (4100000000),13715016.0,6889738.0,6825278.0,2366589.0,1073213.0,1293376.0,,,,,,,
2023.0,경기 Gyeonggi,24000.5,83067.0,69006.0,58256.0,42128.0,경기도,경기도,안성시,3133.0,경기도  (4100000000),13715016.0,6889738.0,6825278.0,2366589.0,1073213.0,1293376.0,,,,,,,
2023.0,경기 Gyeonggi,24000.5,83067.0,69006.0,58256.0,42128.0,경기도,경기도,안양시,1324.0,경기도  (4100000000),13715016.0,6889738.0,6825278.0,2366589.0,1073213.0,1293376.0,,,,,,,
2023.0,경기 Gyeonggi,24000.5,83067.0,69006.0,58256.0,42128.0,경기도,경기도,양주시,325.0,경기도  (4100000000),13715016.0,6889738.0,6825278.0,2366589.0,1073213.0,1293376.0,,,,,,,
2023.0,경기 Gyeonggi,24000.5,83067.0,69006.0,58256.0,42128.0,경기도,경기도,양평군,687.0,경기도  (4100000000),13715016.0,6889738.0,6825278.0,2366589.0,1073213.0,1293376.0,,,,,,,
2023.0,경기 Gyeonggi,24000.5,83067.0,69006.0,58256.0,42128.0,경기도,경기도,여주시,1074.0,경기도  (4100000000),13715016.0,6889738.0,6825278.0,2366589.0,1073213.0,1293376.0,,,,,,,
2023.0,경기 Gyeonggi,24000.5,83067.0,69006.0,58256.0,42128.0,경기도,경기도,연천군,421.0,경기도  (4100000000),13715016.0,6889738.0,6825278.0,2366589.0,1073213.0,1293376.0,,,,,,,
2023.0,경기 Gyeonggi,24000.5,83067.0,69006.0,58256.0,42128.0,경기도,경기도,오산시,2517.0,경기도  (4100000000),13715016.0,6889738.0,6825278.0,2366589.0,1073213.0,1293376.0,,,,,,,
2023.0,경기 Gyeonggi,24000.5,83067.0,69006.0,58256.0,42128.0,경기도,경기도,용인시,1340.0,경기도  (4100000000),13715016.0,6889738.0,6825278.0,2366589.0,1073213.0,1293376.0,,,,,,,
2023.0,경기 Gyeonggi,24000.5,83067.0,69006.0,58256.0,42128.0,경기도,경기도,의왕시,600.0,경기도  (4100000000),13715016.0,6889738.0,6825278.0,2366589.0,1073213.0,1293376.0,,,,,,,
2023.0,경기 Gyeonggi,24000.5,83067.0,69006.0,58256.0,42128.0,경기도,경기도,의정부시,3220.0,경기도  (4100000000),13715016.0,6889738.0,6825278.0,2366589.0,1073213.0,1293376.0,,,,,,,
2023.0,경기 Gyeonggi,24000.5,83067.0,69006.0,58256.0,42128.0,경기도,경기도,이천시,744.0,경기도  (4100000000),13715016.0,6889738.0,6825278.0,2366589.0,1073213.0,1293376.0,,,,,,,
2023.0,경기 Gyeonggi,24000.5,83067.0,69006.0,58256.0,42128.0,경기도,경기도,파주시,633.0,경기도  (4100000000),13715016.0,6889738.0,6825278.0,2366589.0,1073213.0,1293376.0,,,,,,,
2023.0,경기 Gyeonggi,24000.5,83067.0,69006.0,58256.0,42128.0,경기도,경기도,평택시,672.0,경기도  (4100000000),13715016.0,6889738.0,6825278.0,2366589.0,1073213.0,1293376.0,,,,,,,
2023.0,경기 Gyeonggi,24000.5,83067.0,69006.0,58256.0,42128.0,경기도,경기도,포천시,444.0,경기도  (4100000000),13715016.0,6889738.0,6825278.0,2366589.0,1073213.0,1293376.0,,,,,,,
2023.0,경기 Gyeonggi,24000.5,83067.0,69006.0,58256.0,42128.0,경기도,경기도,하남시,793.0,경기도  (4100000000),13715016.0,6889738.0,6825278.0,2366589.0,1073213.0,1293376.0,,,,,,,
2023.0,경기 Gyeonggi,24000.5,83067.0,69006.0,58256.0,42128.0,경기도,경기도,화성시,1777.0,경기도  (4100000000),13715016.0,6889738.0,6825278.0,2366589.0,1073213.0,1293376.0,,,,,,,
2023.0,경기 Gyeonggi,24000.5,83067.0,69006.0,58256.0,42128.0,경기도,경기도,이동형 교육,1621.0,경기도  (4100000000),13715016.0,6889738.0,6825278.0,2366589.0,1073213.0,1293376.0,,,,,,,
2022.0,경남 Gyongnam,41123.0,32549.0,28283.0,26902.0,20717.0,경상남도,경상남도,거제시,2133.0,경상남도  (4800000000),3214016.0,1620579.0,1593437.0,727938.0,322754.0,405184.0,,,,,,,
2022.0,경남 Gyongnam,41123.0,32549.0,28283.0,26902.0,20717.0,경상남도,경상남도,거창군,713.0,경상남도  (4800000000),3214016.0,1620579.0,1593437.0,727938.0,322754.0,405184.0,,,,,,,
2022.0,경남 Gyongnam,41123.0,32549.0,28283.0,26902.0,20717.0,경상남도,경상남도,고성군,791.0,경상남도  (4800000000),3214016.0,1620579.0,1593437.0,727938.0,322754.0,405184.0,,,,,,,
2022.0,경남 Gyongnam,41123.0,32549.0,28283.0,26902.0,20717.0,경상남도,경상남도,김해시,3391.0,경상남도  (4800000000),3214016.0,1620579.0,1593437.0,727938.0,322754.0,405184.0,,,,,,,
2022.0,경남 Gyongnam,41123.0,32549.0,28283.0,26902.0,20717.0,경상남도,경상남도,남해군,938.0,경상남도  (4800000000),3214016.0,1620579.0,1593437.0,727938.0,322754.0,405184.0,,,,,,,
2022.0,경남 Gyongnam,41123.0,32549.0,28283.0,26902.0,20717.0,경상남도,경상남도,밀양시,576.0,경상남도  (4800000000),3214016.0,1620579.0,1593437.0,727938.0,322754.0,405184.0,,,,,,,
2022.0,경남 Gyongnam,41123.0,32549.0,28283.0,26902.0,20717.0,경상남도,경상남도,사천시,2771.0,경상남도  (4800000000),3214016.0,1620579.0,1593437.0,727938.0,322754.0,405184.0,,,,,,,
2022.0,경남 Gyongnam,41123.0,32549.0,28283.0,26902.0,20717.0,경상남도,경상남도,산청군,907.0,경상남도  (4800000000),3214016.0,1620579.0,1593437.0,727938.0,322754.0,405184.0,,,,,,,
2022.0,경남 Gyongnam,41123.0,32549.0,28283.0,26902.0,20717.0,경상남도,경상남도,양산시,4506.0,경상남도  (4800000000),3214016.0,1620579.0,1593437.0,727938.0,322754.0,405184.0,,,,,,,
2022.0,경남 Gyongnam,41123.0,32549.0,28283.0,26902.0,20717.0,경상남도,경상남도,의령군,678.0,경상남도  (4800000000),3214016.0,1620579.0,1593437.0,727938.0,322754.0,405184.0,,,,,,,
2022.0,경남 Gyongnam,41123.0,32549.0,28283.0,26902.0,20717.0,경상남도,경상남도,진주시,7492.0,경상남도  (4800000000),3214016.0,1620579.0,1593437.0,727938.0,322754.0,405184.0,,,,,,,
2022.0,경남 Gyongnam,41123.0,32549.0,28283.0,26902.0,20717.0,경상남도,경상남도,창녕군,3406.0,경상남도  (4800000000),3214016.0,1620579.0,1593437.0,727938.0,322754.0,405184.0,,,,,,,
2022.0,경남 Gyongnam,41123.0,32549.0,28283.0,26902.0,20717.0,경상남도,경상남도,창원시,6915.0,경상남도  (4800000000),3214016.0,1620579.0,1593437.0,727938.0,322754.0,405184.0,,,,,,,
2022.0,경남 Gyongnam,41123.0,32549.0,28283.0,26902.0,20717.0,경상남도,경상남도,통영시,1169.0,경상남도  (4800000000),3214016.0,1620579.0,1593437.0,727938.0,322754.0,405184.0,,,,,,,
2022.0,경남 Gyongnam,41123.0,32549.0,28283.0,26902.0,20717.0,경상남도,경상남도,하동군,666.0,경상남도  (4800000000),3214016.0,1620579.0,1593437.0,727938.0,322754.0,405184.0,,,,,,,
2022.0,경남 Gyongnam,41123.0,32549.0,28283.0,26902.0,20717.0,경상남도,경상남도,함안군,762.0,경상남도  (4800000000),3214016.0,1620579.0,1593437.0,727938.0,322754.0,405184.0,,,,,,,
2022.0,경남 Gyongnam,41123.0,32549.0,28283.0,26902.0,20717.0,경상남도,경상남도,함양군,961.0,경상남도  (4800000000),3214016.0,1620579.0,1593437.0,727938.0,322754.0,405184.0,,,,,,,
2022.0,경남 Gyongnam,41123.0,32549.0,28283.0,26902.0,20717.0,경상남도,경상남도,합천군,578.0,경상남도  (4800000000),3214016.0,1620579.0,1593437.0,727938.0,322754.0,405184.0,,,,,,,
2023.0,경남 Gyongnam,44155.0,33601.0,29426.0,28570.0,22468.0,경상남도,경상남도,거제시,2133.0,경상남도  (4800000000),3214016.0,1620579.0,1593437.0,727938.0,322754.0,405184.0,,,,,,,
2023.0,경남 Gyongnam,44155.0,33601.0,29426.0,28570.0,22468.0,경상남도,경상남도,거창군,713.0,경상남도  (4800000000),3214016.0,1620579.0,1593437.0,727938.0,322754.0,405184.0,,,,,,,
2023.0,경남 Gyongnam,44155.0,33601.0,29426.0,28570.0,22468.0,경상남도,경상남도,고성군,791.0,경상남도  (4800000000),3214016.0,1620579.0,1593437.0,727938.0,322754.0,405184.0,,,,,,,
2023.0,경남 Gyongnam,44155.0,33601.0,29426.0,28570.0,22468.0,경상남도,경상남도,김해시,3391.0,경상남도  (4800000000),3214016.0,1620579.0,1593437.0,727938.0,322754.0,405184.0,,,,,,,
2023.0,경남 Gyongnam,44155.0,33601.0,29426.0,28570.0,22468.0,경상남도,경상남도,남해군,938.0,경상남도  (4800000000),3214016.0,1620579.0,1593437.0,727938.0,322754.0,405184.0,,,,,,,
2023.0,경남 Gyongnam,44155.0,33601.0,29426.0,28570.0,22468.0,경상남도,경상남도,밀양시,576.0,경상남도  (4800000000),3214016.0,1620579.0,1593437.0,727938.0,322754.0,405184.0,,,,,,,
2023.0,경남 Gyongnam,44155.0,33601.0,29426.0,28570.0,22468.0,경상남도,경상남도,사천시,2771.0,경상남도  (4800000000),3214016.0,1620579.0,1593437.0,727938.0,322754.0,405184.0,,,,,,,
2023.0,경남 Gyongnam,44155.0,33601.0,29426.0,28570.0,22468.0,경상남도,경상남도,산청군,907.0,경상남도  (4800000000),3214016.0,1620579.0,1593437.0,727938.0,322754.0,405184.0,,,,,,,
2023.0,경남 Gyongnam,44155.0,33601.0,29426.0,28570.0,22468.0,경상남도,경상남도,양산시,4506.0,경상남도  (4800000000),3214016.0,1620579.0,1593437.0,727938.0,322754.0,405184.0,,,,,,,
2023.0,경남 Gyongnam,44155.0,33601.0,29426.0,28570.0,22468.0,경상남도,경상남도,의령군,678.0,경상남도  (4800000000),3214016.0,1620579.0,1593437.0,727938.0,322754.0,405184.0,,,,,,,
2023.0,경남 Gyongnam,44155.0,33601.0,29426.0,28570.0,22468.0,경상남도,경상남도,진주시,7492.0,경상남도  (4800000000),3214016.0,1620579.0,1593437.0,727938.0,322754.0,405184.0,,,,,,,
2023.0,경남 Gyongnam,44155.0,33601.0,29426.0,28570.0,22468.0,경상남도,경상남도,창녕군,3406.0,경상남도  (4800000000),3214016.0,1620579.0,1593437.0,727938.0,322754.0,405184.0,,,,,,,
2023.0,경남 Gyongnam,44155.0,33601.0,29426.0,28570.0,22468.0,경상남도,경상남도,창원시,6915.0,경상남도  (4800000000),3214016.0,1620579.0,1593437.0,727938.0,322754.0,405184.0,,,,,,,
2023.0,경남 Gyongnam,44155.0,33601.0,29426.0,28570.0,22468.0,경상남도,경상남도,통영시,1169.0,경상남도  (4800000000),3214016.0,1620579.0,1593437.0,727938.0,322754.0,405184.0,,,,,,,
2023.0,경남 Gyongnam,44155.0,33601.0,29426.0,28570.0,22468.0,경상남도,경상남도,하동군,666.0,경상남도  (4800000000),3214016.0,1620579.0,1593437.0,727938.0,322754.0,405184.0,,,,,,,
2023.0,경남 Gyongnam,44155.0,33601.0,29426.0,28570.0,22468.0,경상남도,경상남도,함안군,762.0,경상남도  (4800000000),3214016.0,1620579.0,1593437.0,727938.0,322754.0,405184.0,,,,,,,
2023.0,경남 Gyongnam,44155.0,33601.0,29426.0,28570.0,22468.0,경상남도,경상남도,함양군,961.0,경상남도  (4800000000),3214016.0,1620579.0,1593437.0,727938.0,322754.0,405184.0,,,,,,,
2023.0,경남 Gyongnam,44155.0,33601.0,29426.0,28570.0,22468.0,경상남도,경상남도,합천군,578.0,경상남도  (4800000000),3214016.0,1620579.0,1593437.0,727938.0,322754.0,405184.0,,,,,,,
2022.0,경북 Gyeongbuk,36257.0,30793.0,27528.0,29021.0,23196.0,경상북도,경상북도,경산시,7572.0,경상북도  (4700000000),2516753.0,1273708.0,1243045.0,675978.0,298476.0,377502.0,,,,,,,
2022.0,경북 Gyeongbuk,36257.0,30793.0,27528.0,29021.0,23196.0,경상북도,경상북도,경주시,3927.0,경상북도  (4700000000),2516753.0,1273708.0,1243045.0,675978.0,298476.0,377502.0,,,,,,,
2022.0,경북 Gyeongbuk,36257.0,30793.0,27528.0,29021.0,23196.0,경상북도,경상북도,고령군,917.0,경상북도  (4700000000),2516753.0,1273708.0,1243045.0,675978.0,298476.0,377502.0,,,,,,,
2022.0,경북 Gyeongbuk,36257.0,30793.0,27528.0,29021.0,23196.0,경상북도,경상북도,구미시,7931.0,경상북도  (4700000000),2516753.0,1273708.0,1243045.0,675978.0,298476.0,377502.0,,,,,,,
2022.0,경북 Gyeongbuk,36257.0,30793.0,27528.0,29021.0,23196.0,경상북도,경상북도,김천시,3727.0,경상북도  (4700000000),2516753.0,1273708.0,1243045.0,675978.0,298476.0,377502.0,,,,,,,
2022.0,경북 Gyeongbuk,36257.0,30793.0,27528.0,29021.0,23196.0,경상북도,경상북도,문경시,247.0,경상북도  (4700000000),2516753.0,1273708.0,1243045.0,675978.0,298476.0,377502.0,,,,,,,
2022.0,경북 Gyeongbuk,36257.0,30793.0,27528.0,29021.0,23196.0,경상북도,경상북도,봉화군,60.0,경상북도  (4700000000),2516753.0,1273708.0,1243045.0,675978.0,298476.0,377502.0,,,,,,,
2022.0,경북 Gyeongbuk,36257.0,30793.0,27528.0,29021.0,23196.0,경상북도,경상북도,상주시,4500.0,경상북도  (4700000000),2516753.0,1273708.0,1243045.0,675978.0,298476.0,377502.0,,,,,,,
2022.0,경북 Gyeongbuk,36257.0,30793.0,27528.0,29021.0,23196.0,경상북도,경상북도,성주군,256.0,경상북도  (4700000000),2516753.0,1273708.0,1243045.0,675978.0,298476.0,377502.0,,,,,,,
2022.0,경북 Gyeongbuk,36257.0,30793.0,27528.0,29021.0,23196.0,경상북도,경상북도,안동시,4041.0,경상북도  (4700000000),2516753.0,1273708.0,1243045.0,675978.0,298476.0,377502.0,,,,,,,
2022.0,경북 Gyeongbuk,36257.0,30793.0,27528.0,29021.0,23196.0,경상북도,경상북도,영덕군,242.0,경상북도  (4700000000),2516753.0,1273708.0,1243045.0,675978.0,298476.0,377502.0,,,,,,,
2022.0,경북 Gyeongbuk,36257.0,30793.0,27528.0,29021.0,23196.0,경상북도,경상북도,영양군,23.0,경상북도  (4700000000),2516753.0,1273708.0,1243045.0,675978.0,298476.0,377502.0,,,,,,,
2022.0,경북 Gyeongbuk,36257.0,30793.0,27528.0,29021.0,23196.0,경상북도,경상북도,영주시,2637.0,경상북도  (4700000000),2516753.0,1273708.0,1243045.0,675978.0,298476.0,377502.0,,,,,,,
2022.0,경북 Gyeongbuk,36257.0,30793.0,27528.0,29021.0,23196.0,경상북도,경상북도,영천시,1701.0,경상북도  (4700000000),2516753.0,1273708.0,1243045.0,675978.0,298476.0,377502.0,,,,,,,
2022.0,경북 Gyeongbuk,36257.0,30793.0,27528.0,29021.0,23196.0,경상북도,경상북도,예천군,1807.0,경상북도  (4700000000),2516753.0,1273708.0,1243045.0,675978.0,298476.0,377502.0,,,,,,,
2022.0,경북 Gyeongbuk,36257.0,30793.0,27528.0,29021.0,23196.0,경상북도,경상북도,울릉군,427.0,경상북도  (4700000000),2516753.0,1273708.0,1243045.0,675978.0,298476.0,377502.0,,,,,,,
2022.0,경북 Gyeongbuk,36257.0,30793.0,27528.0,29021.0,23196.0,경상북도,경상북도,울진군,563.0,경상북도  (4700000000),2516753.0,1273708.0,1243045.0,675978.0,298476.0,377502.0,,,,,,,
2022.0,경북 Gyeongbuk,36257.0,30793.0,27528.0,29021.0,23196.0,경상북도,경상북도,의성군,75.0,경상북도  (4700000000),2516753.0,1273708.0,1243045.0,675978.0,298476.0,377502.0,,,,,,,
2022.0,경북 Gyeongbuk,36257.0,30793.0,27528.0,29021.0,23196.0,경상북도,경상북도,청도군,1874.0,경상북도  (4700000000),2516753.0,1273708.0,1243045.0,675978.0,298476.0,377502.0,,,,,,,
2022.0,경북 Gyeongbuk,36257.0,30793.0,27528.0,29021.0,23196.0,경상북도,경상북도,청송군,634.0,경상북도  (4700000000),2516753.0,1273708.0,1243045.0,675978.0,298476.0,377502.0,,,,,,,
2022.0,경북 Gyeongbuk,36257.0,30793.0,27528.0,29021.0,23196.0,경상북도,경상북도,칠곡군,2188.0,경상북도  (4700000000),2516753.0,1273708.0,1243045.0,675978.0,298476.0,377502.0,,,,,,,
2022.0,경북 Gyeongbuk,36257.0,30793.0,27528.0,29021.0,23196.0,경상북도,경상북도,포항시,4284.0,경상북도  (4700000000),2516753.0,1273708.0,1243045.0,675978.0,298476.0,377502.0,,,,,,,
2022.0,경북 Gyeongbuk,36257.0,30793.0,27528.0,29021.0,23196.0,경상북도,경상북도,이동형 교육,85.0,경상북도  (4700000000),2516753.0,1273708.0,1243045.0,675978.0,298476.0,377502.0,,,,,,,
2023.0,경북 Gyeongbuk,37942.0,32011.0,27541.0,30996.0,25181.0,경상북도,경상북도,경산시,7572.0,경상북도  (4700000000),2516753.0,1273708.0,1243045.0,675978.0,298476.0,377502.0,,,,,,,
2023.0,경북 Gyeongbuk,37942.0,32011.0,27541.0,30996.0,25181.0,경상북도,경상북도,경주시,3927.0,경상북도  (4700000000),2516753.0,1273708.0,1243045.0,675978.0,298476.0,377502.0,,,,,,,
2023.0,경북 Gyeongbuk,37942.0,32011.0,27541.0,30996.0,25181.0,경상북도,경상북도,고령군,917.0,경상북도  (4700000000),2516753.0,1273708.0,1243045.0,675978.0,298476.0,377502.0,,,,,,,
2023.0,경북 Gyeongbuk,37942.0,32011.0,27541.0,30996.0,25181.0,경상북도,경상북도,구미시,7931.0,경상북도  (4700000000),2516753.0,1273708.0,1243045.0,675978.0,298476.0,377502.0,,,,,,,
2023.0,경북 Gyeongbuk,37942.0,32011.0,27541.0,30996.0,25181.0,경상북도,경상북도,김천시,3727.0,경상북도  (4700000000),2516753.0,1273708.0,1243045.0,675978.0,298476.0,377502.0,,,,,,,
2023.0,경북 Gyeongbuk,37942.0,32011.0,27541.0,30996.0,25181.0,경상북도,경상북도,문경시,247.0,경상북도  (4700000000),2516753.0,1273708.0,1243045.0,675978.0,298476.0,377502.0,,,,,,,
2023.0,경북 Gyeongbuk,37942.0,32011.0,27541.0,30996.0,25181.0,경상북도,경상북도,봉화군,60.0,경상북도  (4700000000),2516753.0,1273708.0,1243045.0,675978.0,298476.0,377502.0,,,,,,,
2023.0,경북 Gyeongbuk,37942.0,32011.0,27541.0,30996.0,25181.0,경상북도,경상북도,상주시,4500.0,경상북도  (4700000000),2516753.0,1273708.0,1243045.0,675978.0,298476.0,377502.0,,,,,,,
2023.0,경북 Gyeongbuk,37942.0,32011.0,27541.0,30996.0,25181.0,경상북도,경상북도,성주군,256.0,경상북도  (4700000000),2516753.0,1273708.0,1243045.0,675978.0,298476.0,377502.0,,,,,,,
2023.0,경북 Gyeongbuk,37942.0,32011.0,27541.0,30996.0,25181.0,경상북도,경상북도,안동시,4041.0,경상북도  (4700000000),2516753.0,1273708.0,1243045.0,675978.0,298476.0,377502.0,,,,,,,
2023.0,경북 Gyeongbuk,37942.0,32011.0,27541.0,30996.0,25181.0,경상북도,경상북도,영덕군,242.0,경상북도  (4700000000),2516753.0,1273708.0,1243045.0,675978.0,298476.0,377502.0,,,,,,,
2023.0,경북 Gyeongbuk,37942.0,32011.0,27541.0,30996.0,25181.0,경상북도,경상북도,영양군,23.0,경상북도  (4700000000),2516753.0,1273708.0,1243045.0,675978.0,298476.0,377502.0,,,,,,,
2023.0,경북 Gyeongbuk,37942.0,32011.0,27541.0,30996.0,25181.0,경상북도,경상북도,영주시,2637.0,경상북도  (4700000000),2516753.0,1273708.0,1243045.0,675978.0,298476.0,377502.0,,,,,,,
2023.0,경북 Gyeongbuk,37942.0,32011.0,27541.0,30996.0,25181.0,경상북도,경상북도,영천시,1701.0,경상북도  (4700000000),2516753.0,1273708.0,1243045.0,675978.0,298476.0,377502.0,,,,,,,
2023.0,경북 Gyeongbuk,37942.0,32011.0,27541.0,30996.0,25181.0,경상북도,경상북도,예천군,1807.0,경상북도  (4700000000),2516753.0,1273708.0,1243045.0,675978.0,298476.0,377502.0,,,,,,,
2023.0,경북 Gyeongbuk,37942.0,32011.0,27541.0,30996.0,25181.0,경상북도,경상북도,울릉군,427.0,경상북도  (4700000000),2516753.0,1273708.0,1243045.0,675978.0,298476.0,377502.0,,,,,,,
2023.0,경북 Gyeongbuk,37942.0,32011.0,27541.0,30996.0,25181.0,경상북도,경상북도,울진군,563.0,경상북도  (4700000000),2516753.0,1273708.0,1243045.0,675978.0,298476.0,377502.0,,,,,,,
2023.0,경북 Gyeongbuk,37942.0,32011.0,27541.0,30996.0,25181.0,경상북도,경상북도,의성군,75.0,경상북도  (4700000000),2516753.0,1273708.0,1243045.0,675978.0,298476.0,377502.0,,,,,,,
2023.0,경북 Gyeongbuk,37942.0,32011.0,27541.0,30996.0,25181.0,경상북도,경상북도,청도군,1874.0,경상북도  (4700000000),2516753.0,1273708.0,1243045.0,675978.0,298476.0,377502.0,,,,,,,
2023.0,경북 Gyeongbuk,37942.0,32011.0,27541.0,30996.0,25181.0,경상북도,경상북도,청송군,634.0,경상북도  (4700000000),2516753.0,1273708.0,1243045.0,675978.0,298476.0,377502.0,,,,,,,
2023.0,경북 Gyeongbuk,37942.0,32011.0,27541.0,30996.0,25181.0,경상북도,경상북도,칠곡군,2188.0,경상북도  (4700000000),2516753.0,1273708.0,1243045.0,675978.0,298476.0,377502.0,,,,,,,
2023.0,경북 Gyeongbuk,37942.0,32011.0,27541.0,30996.0,25181.0,경상북도,경상북도,포항시,4284.0,경상북도  (4700000000),2516753.0,1273708.0,1243045.0,675978.0,298476.0,377502.0,,,,,,,
2023.0,경북 Gyeongbuk,37942.0,32011.0,27541.0,30996.0,25181.0,경상북도,경상북도,이동형 교육,85.0,경상북도  (4700000000),2516753.0,1273708.0,1243045.0,675978.0,298476.0,377502.0,,,,,,,
2022.0,광주 Gwangju,13603.0,11203.0,9508.0,8004.0,5428.0,광주광역시,광주광역시,광산구,2078.0,광주광역시  (2900000000),1398538.0,690124.0,708414.0,255232.0,110658.0,144574.0,,,,,,,
2022.0,광주 Gwangju,13603.0,11203.0,9508.0,8004.0,5428.0,광주광역시,광주광역시,남구,3183.0,광주광역시  (2900000000),1398538.0,690124.0,708414.0,255232.0,110658.0,144574.0,,,,,,,
2022.0,광주 Gwangju,13603.0,11203.0,9508.0,8004.0,5428.0,광주광역시,광주광역시,동구,4225.0,광주광역시  (2900000000),1398538.0,690124.0,708414.0,255232.0,110658.0,144574.0,,,,,,,
2022.0,광주 Gwangju,13603.0,11203.0,9508.0,8004.0,5428.0,광주광역시,광주광역시,북구,6347.0,광주광역시  (2900000000),1398538.0,690124.0,708414.0,255232.0,110658.0,144574.0,,,,,,,
2022.0,광주 Gwangju,13603.0,11203.0,9508.0,8004.0,5428.0,광주광역시,광주광역시,서구,2099.0,광주광역시  (2900000000),1398538.0,690124.0,708414.0,255232.0,110658.0,144574.0,,,,,,,
2023.0,광주 Gwangju,14925.0,11321.0,9799.0,8625.0,6058.0,광주광역시,광주광역시,광산구,2078.0,광주광역시  (2900000000),1398538.0,690124.0,708414.0,255232.0,110658.0,144574.0,,,,,,,
2023.0,광주 Gwangju,14925.0,11321.0,9799.0,8625.0,6058.0,광주광역시,광주광역시,남구,3183.0,광주광역시  (2900000000),1398538.0,690124.0,708414.0,255232.0,110658.0,144574.0,,,,,,,
2023.0,광주 Gwangju,14925.0,11321.0,9799.0,8625.0,6058.0,광주광역시,광주광역시,동구,4225.0,광주광역시  (2900000000),1398538.0,690124.0,708414.0,255232.0,110658.0,144574.0,,,,,,,
2023.0,광주 Gwangju,14925.0,11321.0,9799.0,8625.0,6058.0,광주광역시,광주광역시,북구,6347.0,광주광역시  (2900000000),1398538.0,690124.0,708414.0,255232.0,110658.0,144574.0,,,,,,,
2023.0,광주 Gwangju,14925.0,11321.0,9799.0,8625.0,6058.0,광주광역시,광주광역시,서구,2099.0,광주광역시  (2900000000),1398538.0,690124.0,708414.0,255232.0,110658.0,144574.0,,,,,,,
,,,,,,,권역,,,,,,,,,,,권역,수도권,2979.0,195354.0,21667626.0,45040.0,14298.0
2022.0,대구 Daegu,27586.0,22314.0,17546.0,15726.0,10597.0,대구광역시,대구광역시,군위군,114.0,대구광역시  (2700000000),2357040.0,1155185.0,1201855.0,508177.0,219528.0,288649.0,,,,,,,
2022.0,대구 Daegu,27586.0,22314.0,17546.0,15726.0,10597.0,대구광역시,대구광역시,남구,3538.0,대구광역시  (2700000000),2357040.0,1155185.0,1201855.0,508177.0,219528.0,288649.0,,,,,,,
2022.0,대구 Daegu,27586.0,22314.0,17546.0,15726.0,10597.0,대구광역시,대구광역시,달서구,10166.0,대구광역시  (2700000000),2357040.0,1155185.0,1201855.0,508177.0,219528.0,288649.0,,,,,,,
2022.0,대구 Daegu,27586.0,22314.0,17546.0,15726.0,10597.0,대구광역시,대구광역시,달성군,774.0,대구광역시  (2700000000),2357040.0,1155185.0,1201855.0,508177.0,219528.0,288649.0,,,,,,,
2022.0,대구 Daegu,27586.0,22314.0,17546.0,15726.0,10597.0,대구광역시,대구광역시,동구,8031.0,대구광역시  (2700000000),2357040.0,1155185.0,1201855.0,508177.0,219528.0,288649.0,,,,,,,
2022.0,대구 Daegu,27586.0,22314.0,17546.0,15726.0,10597.0,대구광역시,대구광역시,북구,934.0,대구광역시  (2700000000),2357040.0,1155185.0,1201855.0,508177.0,219528.0,288649.0,,,,,,,
2022.0,대구 Daegu,27586.0,22314.0,17546.0,15726.0,10597.0,대구광역시,대구광역시,서구,1502.0,대구광역시  (2700000000),2357040.0,1155185.0,1201855.0,508177.0,219528.0,288649.0,,,,,,,
2022.0,대구 Daegu,27586.0,22314.0,17546.0,15726.0,10597.0,대구광역시,대구광역시,수성구,2750.0,대구광역시  (2700000000),2357040.0,1155185.0,1201855.0,508177.0,219528.0,288649.0,,,,,,,
2022.0,대구 Daegu,27586.0,22314.0,17546.0,15726.0,10597.0,대구광역시,대구광역시,중구,1214.0,대구광역시  (2700000000),2357040.0,1155185.0,1201855.0,508177.0,219528.0,288649.0,,,,,,,
2022.0,대구 Daegu,27586.0,22314.0,17546.0,15726.0,10597.0,대구광역시,대구광역시,이동형 교육,1374.0,대구광역시  (2700000000),2357040.0,1155185.0,1201855.0,508177.0,219528.0,288649.0,,,,,,,
2023.0,대구 Daegu,28814.0,23476.0,17996.0,17125.0,11776.0,대구광역시,대구광역시,군위군,114.0,대구광역시  (2700000000),2357040.0,1155185.0,1201855.0,508177.0,219528.0,288649.0,,,,,,,
2023.0,대구 Daegu,28814.0,23476.0,17996.0,17125.0,11776.0,대구광역시,대구광역시,남구,3538.0,대구광역시  (2700000000),2357040.0,1155185.0,1201855.0,508177.0,219528.0,288649.0,,,,,,,
2023.0,대구 Daegu,28814.0,23476.0,17996.0,17125.0,11776.0,대구광역시,대구광역시,달서구,10166.0,대구광역시  (2700000000),2357040.0,1155185.0,1201855.0,508177.0,219528.0,288649.0,,,,,,,
2023.0,대구 Daegu,28814.0,23476.0,17996.0,17125.0,11776.0,대구광역시,대구광역시,달성군,774.0,대구광역시  (2700000000),2357040.0,1155185.0,1201855.0,508177.0,219528.0,288649.0,,,,,,,
2023.0,대구 Daegu,28814.0,23476.0,17996.0,17125.0,11776.0,대구광역시,대구광역시,동구,8031.0,대구광역시  (2700000000),2357040.0,1155185.0,1201855.0,508177.0,219528.0,288649.0,,,,,,,
2023.0,대구 Daegu,28814.0,23476.0,17996.0,17125.0,11776.0,대구광역시,대구광역시,북구,934.0,대구광역시  (2700000000),2357040.0,1155185.0,1201855.0,508177.0,219528.0,288649.0,,,,,,,
2023.0,대구 Daegu,28814.0,23476.0,17996.0,17125.0,11776.0,대구광역시,대구광역시,서구,1502.0,대구광역시  (2700000000),2357040.0,1155185.0,1201855.0,508177.0,219528.0,288649.0,,,,,,,
2023.0,대구 Daegu,28814.0,23476.0,17996.0,17125.0,11776.0,대구광역시,대구광역시,수성구,2750.0,대구광역시  (2700000000),2357040.0,1155185.0,1201855.0,508177.0,219528.0,288649.0,,,,,,,
2023.0,대구 Daegu,28814.0,23476.0,17996.0,17125.0,11776.0,대구광역시,대구광역시,중구,1214.0,대구광역시  (2700000000),2357040.0,1155185.0,1201855.0,508177.0,219528.0,288649.0,,,,,,,
2023.0,대구 Daegu,28814.0,23476.0,17996.0,17125.0,11776.0,대구광역시,대구광역시,이동형 교육,1374.0,대구광역시  (2700000000),2357040.0,1155185.0,1201855.0,508177.0,219528.0,288649.0,,,,,,,
2022.0,대전 Daejeon,14870.0,11012.0,8847.0,7479.0,5384.0,대전광역시,대전광역시,대덕구,252.0,대전광역시  (3000000000),1440682.0,718010.0,722672.0,268962.0,119770.0,149192.0,,,,,,,
2022.0,대전 Daejeon,14870.0,11012.0,8847.0,7479.0,5384.0,대전광역시,대전광역시,동구,1205.0,대전광역시  (3000000000),1440682.0,718010.0,722672.0,268962.0,119770.0,149192.0,,,,,,,
2022.0,대전 Daejeon,14870.0,11012.0,8847.0,7479.0,5384.0,대전광역시,대전광역시,서구,4124.0,대전광역시  (3000000000),1440682.0,718010.0,722672.0,268962.0,119770.0,149192.0,,,,,,,
2022.0,대전 Daejeon,14870.0,11012.0,8847.0,7479.0,5384.0,대전광역시,대전광역시,유성구,4335.0,대전광역시  (3000000000),1440682.0,718010.0,722672.0,268962.0,119770.0,149192.0,,,,,,,
2022.0,대전 Daejeon,14870.0,11012.0,8847.0,7479.0,5384.0,대전광역시,대전광역시,중구,1186.0,대전광역시  (3000000000),1440682.0,718010.0,722672.0,268962.0,119770.0,149192.0,,,,,,,
2022.0,대전 Daejeon,14870.0,11012.0,8847.0,7479.0,5384.0,대전광역시,대전광역시,이동형 교육,662.0,대전광역시  (3000000000),1440682.0,718010.0,722672.0,268962.0,119770.0,149192.0,,,,,,,
2023.0,대전 Daejeon,16091.0,11505.0,9170.0,8066.0,6028.0,대전광역시,대전광역시,대덕구,252.0,대전광역시  (3000000000),1440682.0,718010.0,722672.0,268962.0,119770.0,149192.0,,,,,,,
2023.0,대전 Daejeon,16091.0,11505.0,9170.0,8066.0,6028.0,대전광역시,대전광역시,동구,1205.0,대전광역시  (3000000000),1440682.0,718010.0,722672.0,268962.0,119770.0,149192.0,,,,,,,
2023.0,대전 Daejeon,16091.0,11505.0,9170.0,8066.0,6028.0,대전광역시,대전광역시,서구,4124.0,대전광역시  (3000000000),1440682.0,718010.0,722672.0,268962.0,119770.0,149192.0,,,,,,,
2023.0,대전 Daejeon,16091.0,11505.0,9170.0,8066.0,6028.0,대전광역시,대전광역시,유성구,4335.0,대전광역시  (3000000000),1440682.0,718010.0,722672.0,268962.0,119770.0,149192.0,,,,,,,
2023.0,대전 Daejeon,16091.0,11505.0,9170.0,8066.0,6028.0,대전광역시,대전광역시,중구,1186.0,대전광역시  (3000000000),1440682.0,718010.0,722672.0,268962.0,119770.0,149192.0,,,,,,,
2023.0,대전 Daejeon,16091.0,11505.0,9170.0,8066.0,6028.0,대전광역시,대전광역시,이동형 교육,662.0,대전광역시  (3000000000),1440682.0,718010.0,722672.0,268962.0,119770.0,149192.0,,,,,,,
2022.0,부산 Busan,46276.0,37456.0,29862.0,23921.0,14433.0,부산광역시,부산광역시,강서구,3810.0,부산광역시  (2600000000),3251625.0,1581251.0,1670374.0,803008.0,351130.0,451878.0,,,,,,,
2022.0,부산 Busan,46276.0,37456.0,29862.0,23921.0,14433.0,부산광역시,부산광역시,금정구,3106.0,부산광역시  (2600000000),3251625.0,1581251.0,1670374.0,803008.0,351130.0,451878.0,,,,,,,
2022.0,부산 Busan,46276.0,37456.0,29862.0,23921.0,14433.0,부산광역시,부산광역시,기장군,2678.0,부산광역시  (2600000000),3251625.0,1581251.0,1670374.0,803008.0,351130.0,451878.0,,,,,,,
2022.0,부산 Busan,46276.0,37456.0,29862.0,23921.0,14433.0,부산광역시,부산광역시,남구,5116.0,부산광역시  (2600000000),3251625.0,1581251.0,1670374.0,803008.0,351130.0,451878.0,,,,,,,
2022.0,부산 Busan,46276.0,37456.0,29862.0,23921.0,14433.0,부산광역시,부산광역시,동구,6546.0,부산광역시  (2600000000),3251625.0,1581251.0,1670374.0,803008.0,351130.0,451878.0,,,,,,,
2022.0,부산 Busan,46276.0,37456.0,29862.0,23921.0,14433.0,부산광역시,부산광역시,동래구,4463.0,부산광역시  (2600000000),3251625.0,1581251.0,1670374.0,803008.0,351130.0,451878.0,,,,,,,
2022.0,부산 Busan,46276.0,37456.0,29862.0,23921.0,14433.0,부산광역시,부산광역시,부산진구,6552.0,부산광역시  (2600000000),3251625.0,1581251.0,1670374.0,803008.0,351130.0,451878.0,,,,,,,
2022.0,부산 Busan,46276.0,37456.0,29862.0,23921.0,14433.0,부산광역시,부산광역시,북구,3023.0,부산광역시  (2600000000),3251625.0,1581251.0,1670374.0,803008.0,351130.0,451878.0,,,,,,,
2022.0,부산 Busan,46276.0,37456.0,29862.0,23921.0,14433.0,부산광역시,부산광역시,사상구,9530.0,부산광역시  (2600000000),3251625.0,1581251.0,1670374.0,803008.0,351130.0,451878.0,,,,,,,
2022.0,부산 Busan,46276.0,37456.0,29862.0,23921.0,14433.0,부산광역시,부산광역시,사하구,5512.0,부산광역시  (2600000000),3251625.0,1581251.0,1670374.0,803008.0,351130.0,451878.0,,,,,,,
2022.0,부산 Busan,46276.0,37456.0,29862.0,23921.0,14433.0,부산광역시,부산광역시,서구,3574.0,부산광역시  (2600000000),3251625.0,1581251.0,1670374.0,803008.0,351130.0,451878.0,,,,,,,
2022.0,부산 Busan,46276.0,37456.0,29862.0,23921.0,14433.0,부산광역시,부산광역시,수영구,3256.0,부산광역시  (2600000000),3251625.0,1581251.0,1670374.0,803008.0,351130.0,451878.0,,,,,,,
2022.0,부산 Busan,46276.0,37456.0,29862.0,23921.0,14433.0,부산광역시,부산광역시,연제구,3754.0,부산광역시  (2600000000),3251625.0,1581251.0,1670374.0,803008.0,351130.0,451878.0,,,,,,,
2022.0,부산 Busan,46276.0,37456.0,29862.0,23921.0,14433.0,부산광역시,부산광역시,영도구,2405.0,부산광역시  (2600000000),3251625.0,1581251.0,1670374.0,803008.0,351130.0,451878.0,,,,,,,
2022.0,부산 Busan,46276.0,37456.0,29862.0,23921.0,14433.0,부산광역시,부산광역시,중구,2408.0,부산광역시  (2600000000),3251625.0,1581251.0,1670374.0,803008.0,351130.0,451878.0,,,,,,,
2022.0,부산 Busan,46276.0,37456.0,29862.0,23921.0,14433.0,부산광역시,부산광역시,해운대구,3577.0,부산광역시  (2600000000),3251625.0,1581251.0,1670374.0,803008.0,351130.0,451878.0,,,,,,,
2022.0,부산 Busan,46276.0,37456.0,29862.0,23921.0,14433.0,부산광역시,부산광역시,이동형 교육,2355.0,부산광역시  (2600000000),3251625.0,1581251.0,1670374.0,803008.0,351130.0,451878.0,,,,,,,
2023.0,부산 Busan,48702.0,38673.0,31046.0,26224.0,16013.0,부산광역시,부산광역시,강서구,3810.0,부산광역시  (2600000000),3251625.0,1581251.0,1670374.0,803008.0,351130.0,451878.0,,,,,,,
2023.0,부산 Busan,48702.0,38673.0,31046.0,26224.0,16013.0,부산광역시,부산광역시,금정구,3106.0,부산광역시  (2600000000),3251625.0,1581251.0,1670374.0,803008.0,351130.0,451878.0,,,,,,,
2023.0,부산 Busan,48702.0,38673.0,31046.0,26224.0,16013.0,부산광역시,부산광역시,기장군,2678.0,부산광역시  (2600000000),3251625.0,1581251.0,1670374.0,803008.0,351130.0,451878.0,,,,,,,
2023.0,부산 Busan,48702.0,38673.0,31046.0,26224.0,16013.0,부산광역시,부산광역시,남구,5116.0,부산광역시  (2600000000),3251625.0,1581251.0,1670374.0,803008.0,351130.0,451878.0,,,,,,,
2023.0,부산 Busan,48702.0,38673.0,31046.0,26224.0,16013.0,부산광역시,부산광역시,동구,6546.0,부산광역시  (2600000000),3251625.0,1581251.0,1670374.0,803008.0,351130.0,451878.0,,,,,,,
2023.0,부산 Busan,48702.0,38673.0,31046.0,26224.0,16013.0,부산광역시,부산광역시,동래구,4463.0,부산광역시  (2600000000),3251625.0,1581251.0,1670374.0,803008.0,351130.0,451878.0,,,,,,,
2023.0,부산 Busan,48702.0,38673.0,31046.0,26224.0,16013.0,부산광역시,부산광역시,부산진구,6552.0,부산광역시  (2600000000),3251625.0,1581251.0,1670374.0,803008.0,351130.0,451878.0,,,,,,,
2023.0,부산 Busan,48702.0,38673.0,31046.0,26224.0,16013.0,부산광역시,부산광역시,북구,3023.0,부산광역시  (2600000000),3251625.0,1581251.0,1670374.0,803008.0,351130.0,451878.0,,,,,,,
2023.0,부산 Busan,48702.0,38673.0,31046.0,26224.0,16013.0,부산광역시,부산광역시,사상구,9530.0,부산광역시  (2600000000),3251625.0,1581251.0,1670374.0,803008.0,351130.0,451878.0,,,,,,,
2023.0,부산 Busan,48702.0,38673.0,31046.0,26224.0,16013.0,부산광역시,부산광역시,사하구,5512.0,부산광역시  (2600000000),3251625.0,1581251.0,1670374.0,803008.0,351130.0,451878.0,,,,,,,
2023.0,부산 Busan,48702.0,38673.0,31046.0,26224.0,16013.0,부산광역시,부산광역시,서구,3574.0,부산광역시  (2600000000),3251625.0,1581251.0,1670374.0,803008.0,351130.0,451878.0,,,,,,,
2023.0,부산 Busan,48702.0,38673.0,31046.0,26224.0,16013.0,부산광역시,부산광역시,수영구,3256.0,부산광역시  (2600000000),3251625.0,1581251.0,1670374.0,803008.0,351130.0,451878.0,,,,,,,
2023.0,부산 Busan,48702.0,38673.0,31046.0,26224.0,16013.0,부산광역시,부산광역시,연제구,3754.0,부산광역시  (2600000000),3251625.0,1581251.0,1670374.0,803008.0,351130.0,451878.0,,,,,,,
2023.0,부산 Busan,48702.0,38673.0,31046.0,26224.0,16013.0,부산광역시,부산광역시,영도구,2405.0,부산광역시  (2600000000),3251625.0,1581251.0,1670374.0,803008.0,351130.0,451878.0,,,,,,,
2023.0,부산 Busan,48702.0,38673.0,31046.0,26224.0,16013.0,부산광역시,부산광역시,중구,2408.0,부산광역시  (2600000000),3251625.0,1581251.0,1670374.0,803008.0,351130.0,451878.0,,,,,,,
2023.0,부산 Busan,48702.0,38673.0,31046.0,26224.0,16013.0,부산광역시,부산광역시,해운대구,3577.0,부산광역시  (2600000000),3251625.0,1581251.0,1670374.0,803008.0,351130.0,451878.0,,,,,,,
2023.0,부산 Busan,48702.0,38673.0,31046.0,26224.0,16013.0,부산광역시,부산광역시,이동형 교육,2355.0,부산광역시  (2600000000),3251625.0,1581251.0,1670374.0,803008.0,351130.0,451878.0,,,,,,,
2022.0,서울 Seoul,88603.0,69505.0,57712.0,45157.0,30904.0,서울특별시,서울특별시,강남구,282.0,서울특별시  (1100000000),9323492.0,4495747.0,4827745.0,1866826.0,825983.0,1040843.0,,,,,,,
2022.0,서울 Seoul,88603.0,69505.0,57712.0,45157.0,30904.0,서울특별시,서울특별시,강동구,6393.0,서울특별시  (1100000000),9323492.0,4495747.0,4827745.0,1866826.0,825983.0,1040843.0,,,,,,,
2022.0,서울 Seoul,88603.0,69505.0,57712.0,45157.0,30904.0,서울특별시,서울특별시,강북구,2194.0,서울특별시  (1100000000),9323492.0,4495747.0,4827745.0,1866826.0,825983.0,1040843.0,,,,,,,
2022.0,서울 Seoul,88603.0,69505.0,57712.0,45157.0,30904.0,서울특별시,서울특별시,강서구,3211.0,서울특별시  (1100000000),9323492.0,4495747.0,4827745.0,1866826.0,825983.0,1040843.0,,,,,,,
2022.0,서울 Seoul,88603.0,69505.0,57712.0,45157.0,30904.0,서울특별시,서울특별시,관악구,325.0,서울특별시  (1100000000),9323492.0,4495747.0,4827745.0,1866826.0,825983.0,1040843.0,,,,,,,
2022.0,서울 Seoul,88603.0,69505.0,57712.0,45157.0,30904.0,서울특별시,서울특별시,광진구,957.0,서울특별시  (1100000000),9323492.0,4495747.0,4827745.0,1866826.0,825983.0,1040843.0,,,,,,,
2022.0,서울 Seoul,88603.0,69505.0,57712.0,45157.0,30904.0,서울특별시,서울특별시,구로구,2765.0,서울특별시  (1100000000),9323492.0,4495747.0,4827745.0,1866826.0,825983.0,1040843.0,,,,,,,
2022.0,서울 Seoul,88603.0,69505.0,57712.0,45157.0,30904.0,서울특별시,서울특별시,금천구,617.0,서울특별시  (1100000000),9323492.0,4495747.0,4827745.0,1866826.0,825983.0,1040843.0,,,,,,,
2022.0,서울 Seoul,88603.0,69505.0,57712.0,45157.0,30904.0,서울특별시,서울특별시,노원구,1413.0,서울특별시  (1100000000),9323492.0,4495747.0,4827745.0,1866826.0,825983.0,1040843.0,,,,,,,
2022.0,서울 Seoul,88603.0,69505.0,57712.0,45157.0,30904.0,서울특별시,서울특별시,도봉구,2592.0,서울특별시  (1100000000),9323492.0,4495747.0,4827745.0,1866826.0,825983.0,1040843.0,,,,,,,
2022.0,서울 Seoul,88603.0,69505.0,57712.0,45157.0,30904.0,서울특별시,서울특별시,동대문구,756.0,서울특별시  (1100000000),9323492.0,4495747.0,4827745.0,1866826.0,825983.0,1040843.0,,,,,,,
2022.0,서울 Seoul,88603.0,69505.0,57712.0,45157.0,30904.0,서울특별시,서울특별시,동작구,830.0,서울특별시  (1100000000),9323492.0,4495747.0,4827745.0,1866826.0,825983.0,1040843.0,,,,,,,
2022.0,서울 Seoul,88603.0,69505.0,57712.0,45157.0,30904.0,서울특별시,서울특별시,마포구,3431.0,서울특별시  (1100000000),9323492.0,4495747.0,4827745.0,1866826.0,825983.0,1040843.0,,,,,,,
2022.0,서울 Seoul,88603.0,69505.0,57712.0,45157.0,30904.0,서울특별시,서울특별시,서대문구,490.0,서울특별시  (1100000000),9323492.0,4495747.0,4827745.0,1866826.0,825983.0,1040843.0,,,,,,,
2022.0,서울 Seoul,88603.0,69505.0,57712.0,45157.0,30904.0,서울특별시,서울특별시,서초구,275.0,서울특별시  (1100000000),9323492.0,4495747.0,4827745.0,1866826.0,825983.0,1040843.0,,,,,,,
2022.0,서울 Seoul,88603.0,69505.0,57712.0,45157.0,30904.0,서울특별시,서울특별시,성동구,816.0,서울특별시  (1100000000),9323492.0,4495747.0,4827745.0,1866826.0,825983.0,1040843.0,,,,,,,
2022.0,서울 Seoul,88603.0,69505.0,57712.0,45157.0,30904.0,서울특별시,서울특별시,성북구,1477.0,서울특별시  (1100000000),9323492.0,4495747.0,4827745.0,1866826.0,825983.0,1040843.0,,,,,,,
2022.0,서울 Seoul,88603.0,69505.0,57712.0,45157.0,30904.0,서울특별시,서울특별시,송파구,1265.0,서울특별시  (1100000000),9323492.0,4495747.0,4827745.0,1866826.0,825983.0,1040843.0,,,,,,,
2022.0,서울 Seoul,88603.0,69505.0,57712.0,45157.0,30904.0,서울특별시,서울특별시,양천구,1019.0,서울특별시  (1100000000),9323492.0,4495747.0,4827745.0,1866826.0,825983.0,1040843.0,,,,,,,
2022.0,서울 Seoul,88603.0,69505.0,57712.0,45157.0,30904.0,서울특별시,서울특별시,영등포구,696.0,서울특별시  (1100000000),9323492.0,4495747.0,4827745.0,1866826.0,825983.0,1040843.0,,,,,,,
2022.0,서울 Seoul,88603.0,69505.0,57712.0,45157.0,30904.0,서울특별시,서울특별시,용산구,871.0,서울특별시  (1100000000),9323492.0,4495747.0,4827745.0,1866826.0,825983.0,1040843.0,,,,,,,
2022.0,서울 Seoul,88603.0,69505.0,57712.0,45157.0,30904.0,서울특별시,서울특별시,은평구,1473.0,서울특별시  (1100000000),9323492.0,4495747.0,4827745.0,1866826.0,825983.0,1040843.0,,,,,,,
2022.0,서울 Seoul,88603.0,69505.0,57712.0,45157.0,30904.0,서울특별시,서울특별시,종로구,690.0,서울특별시  (1100000000),9323492.0,4495747.0,4827745.0,1866826.0,825983.0,1040843.0,,,,,,,
2022.0,서울 Seoul,88603.0,69505.0,57712.0,45157.0,30904.0,서울특별시,서울특별시,중구,370.0,서울특별시  (1100000000),9323492.0,4495747.0,4827745.0,1866826.0,825983.0,1040843.0,,,,,,,
2022.0,서울 Seoul,88603.0,69505.0,57712.0,45157.0,30904.0,서울특별시,서울특별시,중랑구,1067.0,서울특별시  (1100000000),9323492.0,4495747.0,4827745.0,1866826.0,825983.0,1040843.0,,,,,,,
2022.0,서울 Seoul,88603.0,69505.0,57712.0,45157.0,30904.0,서울특별시,서울특별시,이동형 교육,1691.0,서울특별시  (1100000000),9323492.0,4495747.0,4827745.0,1866826.0,825983.0,1040843.0,,,,,,,
2023.0,서울 Seoul,94163.0,71418.0,59669.0,49167.0,34782.0,서울특별시,서울특별시,강남구,282.0,서울특별시  (1100000000),9323492.0,4495747.0,4827745.0,1866826.0,825983.0,1040843.0,,,,,,,
2023.0,서울 Seoul,94163.0,71418.0,59669.0,49167.0,34782.0,서울특별시,서울특별시,강동구,6393.0,서울특별시  (1100000000),9323492.0,4495747.0,4827745.0,1866826.0,825983.0,1040843.0,,,,,,,
2023.0,서울 Seoul,94163.0,71418.0,59669.0,49167.0,34782.0,서울특별시,서울특별시,강북구,2194.0,서울특별시  (1100000000),9323492.0,4495747.0,4827745.0,1866826.0,825983.0,1040843.0,,,,,,,
2023.0,서울 Seoul,94163.0,71418.0,59669.0,49167.0,34782.0,서울특별시,서울특별시,강서구,3211.0,서울특별시  (1100000000),9323492.0,4495747.0,4827745.0,1866826.0,825983.0,1040843.0,,,,,,,
2023.0,서울 Seoul,94163.0,71418.0,59669.0,49167.0,34782.0,서울특별시,서울특별시,관악구,325.0,서울특별시  (1100000000),9323492.0,4495747.0,4827745.0,1866826.0,825983.0,1040843.0,,,,,,,
2023.0,서울 Seoul,94163.0,71418.0,59669.0,49167.0,34782.0,서울특별시,서울특별시,광진구,957.0,서울특별시  (1100000000),9323492.0,4495747.0,4827745.0,1866826.0,825983.0,1040843.0,,,,,,,
2023.0,서울 Seoul,94163.0,71418.0,59669.0,49167.0,34782.0,서울특별시,서울특별시,구로구,2765.0,서울특별시  (1100000000),9323492.0,4495747.0,4827745.0,1866826.0,825983.0,1040843.0,,,,,,,
2023.0,서울 Seoul,94163.0,71418.0,59669.0,49167.0,34782.0,서울특별시,서울특별시,금천구,617.0,서울특별시  (1100000000),9323492.0,4495747.0,4827745.0,1866826.0,825983.0,1040843.0,,,,,,,
2023.0,서울 Seoul,94163.0,71418.0,59669.0,49167.0,34782.0,서울특별시,서울특별시,노원구,1413.0,서울특별시  (1100000000),9323492.0,4495747.0,4827745.0,1866826.0,825983.0,1040843.0,,,,,,,
2023.0,서울 Seoul,94163.0,71418.0,59669.0,49167.0,34782.0,서울특별시,서울특별시,도봉구,2592.0,서울특별시  (1100000000),9323492.0,4495747.0,4827745.0,1866826.0,825983.0,1040843.0,,,,,,,
2023.0,서울 Seoul,94163.0,71418.0,59669.0,49167.0,34782.0,서울특별시,서울특별시,동대문구,756.0,서울특별시  (1100000000),9323492.0,4495747.0,4827745.0,1866826.0,825983.0,1040843.0,,,,,,,
2023.0,서울 Seoul,94163.0,71418.0,59669.0,49167.0,34782.0,서울특별시,서울특별시,동작구,830.0,서울특별시  (1100000000),9323492.0,4495747.0,4827745.0,1866826.0,825983.0,1040843.0,,,,,,,
2023.0,서울 Seoul,94163.0,71418.0,59669.0,49167.0,34782.0,서울특별시,서울특별시,마포구,3431.0,서울특별시  (1100000000),9323492.0,4495747.0,4827745.0,1866826.0,825983.0,1040843.0,,,,,,,
2023.0,서울 Seoul,94163.0,71418.0,59669.0,49167.0,34782.0,서울특별시,서울특별시,서대문구,490.0,서울특별시  (1100000000),9323492.0,4495747.0,4827745.0,1866826.0,825983.0,1040843.0,,,,,,,
2023.0,서울 Seoul,94163.0,71418.0,59669.0,49167.0,34782.0,서울특별시,서울특별시,서초구,275.0,서울특별시  (1100000000),9323492.0,4495747.0,4827745.0,1866826.0,825983.0,1040843.0,,,,,,,
2023.0,서울 Seoul,94163.0,71418.0,59669.0,49167.0,34782.0,서울특별시,서울특별시,성동구,816.0,서울특별시  (1100000000),9323492.0,4495747.0,4827745.0,1866826.0,825983.0,1040843.0,,,,,,,
2023.0,서울 Seoul,94163.0,71418.0,59669.0,49167.0,34782.0,서울특별시,서울특별시,성북구,1477.0,서울특별시  (1100000000),9323492.0,4495747.0,4827745.0,1866826.0,825983.0,1040843.0,,,,,,,
2023.0,서울 Seoul,94163.0,71418.0,59669.0,49167.0,34782.0,서울특별시,서울특별시,송파구,1265.0,서울특별시  (1100000000),9323492.0,4495747.0,4827745.0,1866826.0,825983.0,1040843.0,,,,,,,
2023.0,서울 Seoul,94163.0,71418.0,59669.0,49167.0,34782.0,서울특별시,서울특별시,양천구,1019.0,서울특별시  (1100000000),9323492.0,4495747.0,4827745.0,1866826.0,825983.0,1040843.0,,,,,,,
2023.0,서울 Seoul,94163.0,71418.0,59669.0,49167.0,34782.0,서울특별시,서울특별시,영등포구,696.0,서울특별시  (1100000000),9323492.0,4495747.0,4827745.0,1866826.0,825983.0,1040843.0,,,,,,,
2023.0,서울 Seoul,94163.0,71418.0,59669.0,49167.0,34782.0,서울특별시,서울특별시,용산구,871.0,서울특별시  (1100000000),9323492.0,4495747.0,4827745.0,1866826.0,825983.0,1040843.0,,,,,,,
2023.0,서울 Seoul,94163.0,71418.0,59669.0,49167.0,34782.0,서울특별시,서울특별시,은평구,1473.0,서울특별시  (1100000000),9323492.0,4495747.0,4827745.0,1866826.0,825983.0,1040843.0,,,,,,,
2023.0,서울 Seoul,94163.0,71418.0,59669.0,49167.0,34782.0,서울특별시,서울특별시,종로구,690.0,서울특별시  (1100000000),9323492.0,4495747.0,4827745.0,1866826.0,825983.0,1040843.0,,,,,,,
2023.0,서울 Seoul,94163.0,71418.0,59669.0,49167.0,34782.0,서울특별시,서울특별시,중구,370.0,서울특별시  (1100000000),9323492.0,4495747.0,4827745.0,1866826.0,825983.0,1040843.0,,,,,,,
2023.0,서울 Seoul,94163.0,71418.0,59669.0,49167.0,34782.0,서울특별시,서울특별시,중랑구,1067.0,서울특별시  (1100000000),9323492.0,4495747.0,4827745.0,1866826.0,825983.0,1040843.0,,,,,,,
2023.0,서울 Seoul,94163.0,71418.0,59669.0,49167.0,34782.0,서울특별시,서울특별시,이동형 교육,1691.0,서울특별시  (1100000000),9323492.0,4495747.0,4827745.0,1866826.0,825983.0,1040843.0,,,,,,,
2022.0,세종 Sejong,2140.0,1512.0,1207.0,1059.0,871.0,세종특별자치시,세종특별자치시,세종특별자치시,1194.5,세종특별자치시  (3600000000),392154.0,195253.0,196901.0,46968.0,21306.0,25662.0,,,,,,,
2023.0,세종 Sejong,2392.0,1651.0,1273.0,1155.0,966.0,세종특별자치시,세종특별자치시,세종특별자치시,1194.5,세종특별자치시  (3600000000),392154.0,195253.0,196901.0,46968.0,21306.0,25662.0,,,,,,,
,,,,,,,시도,,,,,,,,,,,시도,서울,1856.0,140677.0,18791062.0,28632.0,9838.0
2022.0,울산 Ulsan,11156.0,8111.0,5909.0,4405.0,2703.0,울산광역시,울산광역시,남구,1194.5,울산광역시  (3100000000),1093317.0,563050.0,530267.0,196921.0,91793.0,105128.0,,,,,,,
2022.0,울산 Ulsan,11156.0,8111.0,5909.0,4405.0,2703.0,울산광역시,울산광역시,동구,1781.0,울산광역시  (3100000000),1093317.0,563050.0,530267.0,196921.0,91793.0,105128.0,,,,,,,
2022.0,울산 Ulsan,11156.0,8111.0,5909.0,4405.0,2703.0,울산광역시,울산광역시,북구,1028.0,울산광역시  (3100000000),1093317.0,563050.0,530267.0,196921.0,91793.0,105128.0,,,,,,,
2022.0,울산 Ulsan,11156.0,8111.0,5909.0,4405.0,2703.0,울산광역시,울산광역시,울주군,3084.0,울산광역시  (3100000000),1093317.0,563050.0,530267.0,196921.0,91793.0,105128.0,,,,,,,
2022.0,울산 Ulsan,11156.0,8111.0,5909.0,4405.0,2703.0,울산광역시,울산광역시,중구,2006.0,울산광역시  (3100000000),1093317.0,563050.0,530267.0,196921.0,91793.0,105128.0,,,,,,,
2023.0,울산 Ulsan,12043.0,8632.0,6334.0,4954.0,2969.0,울산광역시,울산광역시,남구,1194.5,울산광역시  (3100000000),1093317.0,563050.0,530267.0,196921.0,91793.0,105128.0,,,,,,,
2023.0,울산 Ulsan,12043.0,8632.0,6334.0,4954.0,2969.0,울산광역시,울산광역시,동구,1781.0,울산광역시  (3100000000),1093317.0,563050.0,530267.0,196921.0,91793.0,105128.0,,,,,,,
2023.0,울산 Ulsan,12043.0,8632.0,6334.0,4954.0,2969.0,울산광역시,울산광역시,북구,1028.0,울산광역시  (3100000000),1093317.0,563050.0,530267.0,196921.0,91793.0,105128.0,,,,,,,
2023.0,울산 Ulsan,12043.0,8632.0,6334.0,4954.0,2969.0,울산광역시,울산광역시,울주군,3084.0,울산광역시  (3100000000),1093317.0,563050.0,530267.0,196921.0,91793.0,105128.0,,,,,,,
2023.0,울산 Ulsan,12043.0,8632.0,6334.0,4954.0,2969.0,울산광역시,울산광역시,중구,2006.0,울산광역시  (3100000000),1093317.0,563050.0,530267.0,196921.0,91793.0,105128.0,,,,,,,
2022.0,인천 Incheon,28165.0,20192.0,16766.0,13504.0,9779.0,인천광역시,인천광역시,강화군,225.0,인천광역시  (2800000000),3041215.0,1519326.0,1521889.0,558240.0,250953.0,307287.0,,,,,,,
2022.0,인천 Incheon,28165.0,20192.0,16766.0,13504.0,9779.0,인천광역시,인천광역시,계양구,4355.0,인천광역시  (2800000000),3041215.0,1519326.0,1521889.0,558240.0,250953.0,307287.0,,,,,,,
2022.0,인천 Incheon,28165.0,20192.0,16766.0,13504.0,9779.0,인천광역시,인천광역시,남동구,10346.0,인천광역시  (2800000000),3041215.0,1519326.0,1521889.0,558240.0,250953.0,307287.0,,,,,,,
2022.0,인천 Incheon,28165.0,20192.0,16766.0,13504.0,9779.0,인천광역시,인천광역시,동구,209.0,인천광역시  (2800000000),3041215.0,1519326.0,1521889.0,558240.0,250953.0,307287.0,,,,,,,
2022.0,인천 Incheon,28165.0,20192.0,16766.0,13504.0,9779.0,인천광역시,인천광역시,미추홀구,932.0,인천광역시  (2800000000),3041215.0,1519326.0,1521889.0,558240.0,250953.0,307287.0,,,,,,,
2022.0,인천 Incheon,28165.0,20192.0,16766.0,13504.0,9779.0,인천광역시,인천광역시,부평구,1441.0,인천광역시  (2800000000),3041215.0,1519326.0,1521889.0,558240.0,250953.0,307287.0,,,,,,,
2022.0,인천 Incheon,28165.0,20192.0,16766.0,13504.0,9779.0,인천광역시,인천광역시,서구,1175.0,인천광역시  (2800000000),3041215.0,1519326.0,1521889.0,558240.0,250953.0,307287.0,,,,,,,
2022.0,인천 Incheon,28165.0,20192.0,16766.0,13504.0,9779.0,인천광역시,인천광역시,연수구,2028.0,인천광역시  (2800000000),3041215.0,1519326.0,1521889.0,558240.0,250953.0,307287.0,,,,,,,
2022.0,인천 Incheon,28165.0,20192.0,16766.0,13504.0,9779.0,인천광역시,인천광역시,옹진군,50.0,인천광역시  (2800000000),3041215.0,1519326.0,1521889.0,558240.0,250953.0,307287.0,,,,,,,
2022.0,인천 Incheon,28165.0,20192.0,16766.0,13504.0,9779.0,인천광역시,인천광역시,중구,975.0,인천광역시  (2800000000),3041215.0,1519326.0,1521889.0,558240.0,250953.0,307287.0,,,,,,,
2023.0,인천 Incheon,31145.0,21167.0,17681.0,14729.0,10906.0,인천광역시,인천광역시,강화군,225.0,인천광역시  (2800000000),3041215.0,1519326.0,1521889.0,558240.0,250953.0,307287.0,,,,,,,
2023.0,인천 Incheon,31145.0,21167.0,17681.0,14729.0,10906.0,인천광역시,인천광역시,계양구,4355.0,인천광역시  (2800000000),3041215.0,1519326.0,1521889.0,558240.0,250953.0,307287.0,,,,,,,
2023.0,인천 Incheon,31145.0,21167.0,17681.0,14729.0,10906.0,인천광역시,인천광역시,남동구,10346.0,인천광역시  (2800000000),3041215.0,1519326.0,1521889.0,558240.0,250953.0,307287.0,,,,,,,
2023.0,인천 Incheon,31145.0,21167.0,17681.0,14729.0,10906.0,인천광역시,인천광역시,동구,209.0,인천광역시  (2800000000),3041215.0,1519326.0,1521889.0,558240.0,250953.0,307287.0,,,,,,,
2023.0,인천 Incheon,31145.0,21167.0,17681.0,14729.0,10906.0,인천광역시,인천광역시,미추홀구,932.0,인천광역시  (2800000000),3041215.0,1519326.0,1521889.0,558240.0,250953.0,307287.0,,,,,,,
2023.0,인천 Incheon,31145.0,21167.0,17681.0,14729.0,10906.0,인천광역시,인천광역시,부평구,1441.0,인천광역시  (2800000000),3041215.0,1519326.0,1521889.0,558240.0,250953.0,307287.0,,,,,,,
2023.0,인천 Incheon,31145.0,21167.0,17681.0,14729.0,10906.0,인천광역시,인천광역시,서구,1175.0,인천광역시  (2800000000),3041215.0,1519326.0,1521889.0,558240.0,250953.0,307287.0,,,,,,,
2023.0,인천 Incheon,31145.0,21167.0,17681.0,14729.0,10906.0,인천광역시,인천광역시,연수구,2028.0,인천광역시  (2800000000),3041215.0,1519326.0,1521889.0,558240.0,250953.0,307287.0,,,,,,,
2023.0,인천 Incheon,31145.0,21167.0,17681.0,14729.0,10906.0,인천광역시,인천광역시,옹진군,50.0,인천광역시  (2800000000),3041215.0,1519326.0,1521889.0,558240.0,250953.0,307287.0,,,,,,,
2023.0,인천 Incheon,31145.0,21167.0,17681.0,14729.0,10906.0,인천광역시,인천광역시,중구,975.0,인천광역시  (2800000000),3041215.0,1519326.0,1521889.0,558240.0,250953.0,307287.0,,,,,,,
,,,,,,,전국,,,,전국  (1000000000),1959241.0,998278.0,960963.0,494355.0,218279.0,275793.0,,,,,,,
2022.0,전남 Jeonnam,22949.0,22493.0,23555.0,24850.0,19456.0,전라남도,전라남도,강진군,303.0,전라남도  (4600000000),1782183.0,900012.0,882171.0,497966.0,217030.0,280936.0,,,,,,,
2022.0,전남 Jeonnam,22949.0,22493.0,23555.0,24850.0,19456.0,전라남도,전라남도,고흥군,494.0,전라남도  (4600000000),1782183.0,900012.0,882171.0,497966.0,217030.0,280936.0,,,,,,,
2022.0,전남 Jeonnam,22949.0,22493.0,23555.0,24850.0,19456.0,전라남도,전라남도,곡성군,365.0,전라남도  (4600000000),1782183.0,900012.0,882171.0,497966.0,217030.0,280936.0,,,,,,,
2022.0,전남 Jeonnam,22949.0,22493.0,23555.0,24850.0,19456.0,전라남도,전라남도,광양시,5246.0,전라남도  (4600000000),1782183.0,900012.0,882171.0,497966.0,217030.0,280936.0,,,,,,,
2022.0,전남 Jeonnam,22949.0,22493.0,23555.0,24850.0,19456.0,전라남도,전라남도 ,구례군,1162.0,전라남도  (4600000000),1782183.0,900012.0,882171.0,497966.0,217030.0,280936.0,,,,,,,
2022.0,전남 Jeonnam,22949.0,22493.0,23555.0,24850.0,19456.0,전라남도,전라남도,나주시,1519.0,전라남도  (4600000000),1782183.0,900012.0,882171.0,497966.0,217030.0,280936.0,,,,,,,
2022.0,전남 Jeonnam,22949.0,22493.0,23555.0,24850.0,19456.0,전라남도,전라남도,담양군,442.0,전라남도  (4600000000),1782183.0,900012.0,882171.0,497966.0,217030.0,280936.0,,,,,,,
2022.0,전남 Jeonnam,22949.0,22493.0,23555.0,24850.0,19456.0,전라남도,전라남도,목포시,6143.0,전라남도  (4600000000),1782183.0,900012.0,882171.0,497966.0,217030.0,280936.0,,,,,,,
2022.0,전남 Jeonnam,22949.0,22493.0,23555.0,24850.0,19456.0,전라남도,전라남도,무안군,8057.0,전라남도  (4600000000),1782183.0,900012.0,882171.0,497966.0,217030.0,280936.0,,,,,,,
2022.0,전남 Jeonnam,22949.0,22493.0,23555.0,24850.0,19456.0,전라남도,전라남도,보성군,2833.0,전라남도  (4600000000),1782183.0,900012.0,882171.0,497966.0,217030.0,280936.0,,,,,,,
2022.0,전남 Jeonnam,22949.0,22493.0,23555.0,24850.0,19456.0,전라남도,전라남도,순천시,9453.0,전라남도  (4600000000),1782183.0,900012.0,882171.0,497966.0,217030.0,280936.0,,,,,,,
2022.0,전남 Jeonnam,22949.0,22493.0,23555.0,24850.0,19456.0,전라남도,전라남도,신안군,243.0,전라남도  (4600000000),1782183.0,900012.0,882171.0,497966.0,217030.0,280936.0,,,,,,,
2022.0,전남 Jeonnam,22949.0,22493.0,23555.0,24850.0,19456.0,전라남도,전라남도,여수시,2694.0,전라남도  (4600000000),1782183.0,900012.0,882171.0,497966.0,217030.0,280936.0,,,,,,,
2022.0,전남 Jeonnam,22949.0,22493.0,23555.0,24850.0,19456.0,전라남도,전라남도,영광군,348.0,전라남도  (4600000000),1782183.0,900012.0,882171.0,497966.0,217030.0,280936.0,,,,,,,
2022.0,전남 Jeonnam,22949.0,22493.0,23555.0,24850.0,19456.0,전라남도,전라남도,영암군,349.0,전라남도  (4600000000),1782183.0,900012.0,882171.0,497966.0,217030.0,280936.0,,,,,,,
2022.0,전남 Jeonnam,22949.0,22493.0,23555.0,24850.0,19456.0,전라남도,전라남도,완도군,613.0,전라남도  (4600000000),1782183.0,900012.0,882171.0,497966.0,217030.0,280936.0,,,,,,,
2022.0,전남 Jeonnam,22949.0,22493.0,23555.0,24850.0,19456.0,전라남도,전라남도,장성군,570.0,전라남도  (4600000000),1782183.0,900012.0,882171.0,497966.0,217030.0,280936.0,,,,,,,
2022.0,전남 Jeonnam,22949.0,22493.0,23555.0,24850.0,19456.0,전라남도,전라남도,장흥군,1012.0,전라남도  (4600000000),1782183.0,900012.0,882171.0,497966.0,217030.0,280936.0,,,,,,,
2022.0,전남 Jeonnam,22949.0,22493.0,23555.0,24850.0,19456.0,전라남도,전라남도,진도군,555.0,전라남도  (4600000000),1782183.0,900012.0,882171.0,497966.0,217030.0,280936.0,,,,,,,
2022.0,전남 Jeonnam,22949.0,22493.0,23555.0,24850.0,19456.0,전라남도,전라남도,함평군,1476.0,전라남도  (4600000000),1782183.0,900012.0,882171.0,497966.0,217030.0,280936.0,,,,,,,
2022.0,전남 Jeonnam,22949.0,22493.0,23555.0,24850.0,19456.0,전라남도,전라남도,해남군,1019.0,전라남도  (4600000000),1782183.0,900012.0,882171.0,497966.0,217030.0,280936.0,,,,,,,
2022.0,전남 Jeonnam,22949.0,22493.0,23555.0,24850.0,19456.0,전라남도,전라남도,화순군,406.0,전라남도  (4600000000),1782183.0,900012.0,882171.0,497966.0,217030.0,280936.0,,,,,,,
2023.0,전남 Jeonnam,24683.0,22264.0,23262.0,26103.0,21121.0,전라남도,전라남도,강진군,303.0,전라남도  (4600000000),1782183.0,900012.0,882171.0,497966.0,217030.0,280936.0,,,,,,,
2023.0,전남 Jeonnam,24683.0,22264.0,23262.0,26103.0,21121.0,전라남도,전라남도,고흥군,494.0,전라남도  (4600000000),1782183.0,900012.0,882171.0,497966.0,217030.0,280936.0,,,,,,,
2023.0,전남 Jeonnam,24683.0,22264.0,23262.0,26103.0,21121.0,전라남도,전라남도,곡성군,365.0,전라남도  (4600000000),1782183.0,900012.0,882171.0,497966.0,217030.0,280936.0,,,,,,,
2023.0,전남 Jeonnam,24683.0,22264.0,23262.0,26103.0,21121.0,전라남도,전라남도,광양시,5246.0,전라남도  (4600000000),1782183.0,900012.0,882171.0,497966.0,217030.0,280936.0,,,,,,,
2023.0,전남 Jeonnam,24683.0,22264.0,23262.0,26103.0,21121.0,전라남도,전라남도 ,구례군,1162.0,전라남도  (4600000000),1782183.0,900012.0,882171.0,497966.0,217030.0,280936.0,,,,,,,
2023.0,전남 Jeonnam,24683.0,22264.0,23262.0,26103.0,21121.0,전라남도,전라남도,나주시,1519.0,전라남도  (4600000000),1782183.0,900012.0,882171.0,497966.0,217030.0,280936.0,,,,,,,
2023.0,전남 Jeonnam,24683.0,22264.0,23262.0,26103.0,21121.0,전라남도,전라남도,담양군,442.0,전라남도  (4600000000),1782183.0,900012.0,882171.0,497966.0,217030.0,280936.0,,,,,,,
2023.0,전남 Jeonnam,24683.0,22264.0,23262.0,26103.0,21121.0,전라남도,전라남도,목포시,6143.0,전라남도  (4600000000),1782183.0,900012.0,882171.0,497966.0,217030.0,280936.0,,,,,,,
2023.0,전남 Jeonnam,24683.0,22264.0,23262.0,26103.0,21121.0,전라남도,전라남도,무안군,8057.0,전라남도  (4600000000),1782183.0,900012.0,882171.0,497966.0,217030.0,280936.0,,,,,,,
2023.0,전남 Jeonnam,24683.0,22264.0,23262.0,26103.0,21121.0,전라남도,전라남도,보성군,2833.0,전라남도  (4600000000),1782183.0,900012.0,882171.0,497966.0,217030.0,280936.0,,,,,,,
2023.0,전남 Jeonnam,24683.0,22264.0,23262.0,26103.0,21121.0,전라남도,전라남도,순천시,9453.0,전라남도  (4600000000),1782183.0,900012.0,882171.0,497966.0,217030.0,280936.0,,,,,,,
2023.0,전남 Jeonnam,24683.0,22264.0,23262.0,26103.0,21121.0,전라남도,전라남도,신안군,243.0,전라남도  (4600000000),1782183.0,900012.0,882171.0,497966.0,217030.0,280936.0,,,,,,,
2023.0,전남 Jeonnam,24683.0,22264.0,23262.0,26103.0,21121.0,전라남도,전라남도,여수시,2694.0,전라남도  (4600000000),1782183.0,900012.0,882171.0,497966.0,217030.0,280936.0,,,,,,,
2023.0,전남 Jeonnam,24683.0,22264.0,23262.0,26103.0,21121.0,전라남도,전라남도,영광군,348.0,전라남도  (4600000000),1782183.0,900012.0,882171.0,497966.0,217030.0,280936.0,,,,,,,
2023.0,전남 Jeonnam,24683.0,22264.0,23262.0,26103.0,21121.0,전라남도,전라남도,영암군,349.0,전라남도  (4600000000),1782183.0,900012.0,882171.0,497966.0,217030.0,280936.0,,,,,,,
2023.0,전남 Jeonnam,24683.0,22264.0,23262.0,26103.0,21121.0,전라남도,전라남도,완도군,613.0,전라남도  (4600000000),1782183.0,900012.0,882171.0,497966.0,217030.0,280936.0,,,,,,,
2023.0,전남 Jeonnam,24683.0,22264.0,23262.0,26103.0,21121.0,전라남도,전라남도,장성군,570.0,전라남도  (4600000000),1782183.0,900012.0,882171.0,497966.0,217030.0,280936.0,,,,,,,
2023.0,전남 Jeonnam,24683.0,22264.0,23262.0,26103.0,21121.0,전라남도,전라남도,장흥군,1012.0,전라남도  (4600000000),1782183.0,900012.0,882171.0,497966.0,217030.0,280936.0,,,,,,,
2023.0,전남 Jeonnam,24683.0,22264.0,23262.0,26103.0,21121.0,전라남도,전라남도,진도군,555.0,전라남도  (4600000000),1782183.0,900012.0,882171.0,497966.0,217030.0,280936.0,,,,,,,
2023.0,전남 Jeonnam,24683.0,22264.0,23262.0,26103.0,21121.0,전라남도,전라남도,함평군,1476.0,전라남도  (4600000000),1782183.0,900012.0,882171.0,497966.0,217030.0,280936.0,,,,,,,
2023.0,전남 Jeonnam,24683.0,22264.0,23262.0,26103.0,21121.0,전라남도,전라남도,해남군,1019.0,전라남도  (4600000000),1782183.0,900012.0,882171.0,497966.0,217030.0,280936.0,,,,,,,
2023.0,전남 Jeonnam,24683.0,22264.0,23262.0,26103.0,21121.0,전라남도,전라남도,화순군,406.0,전라남도  (4600000000),1782183.0,900012.0,882171.0,497966.0,217030.0,280936.0,,,,,,,
2022.0,전북 Jeonbuk,21827.0,19897.0,19122.0,19183.0,15577.0,전북특별자치도,전북특별자치도,고창군,720.0,전북특별자치도  (5200000000),1729337.0,861705.0,867632.0,450432.0,196848.0,253584.0,,,,,,,
2022.0,전북 Jeonbuk,21827.0,19897.0,19122.0,19183.0,15577.0,전북특별자치도,전북특별자치도,군산시,2528.0,전북특별자치도  (5200000000),1729337.0,861705.0,867632.0,450432.0,196848.0,253584.0,,,,,,,
2022.0,전북 Jeonbuk,21827.0,19897.0,19122.0,19183.0,15577.0,전북특별자치도,전북특별자치도,김제시,1029.0,전북특별자치도  (5200000000),1729337.0,861705.0,867632.0,450432.0,196848.0,253584.0,,,,,,,
2022.0,전북 Jeonbuk,21827.0,19897.0,19122.0,19183.0,15577.0,전북특별자치도,전북특별자치도,남원시,326.0,전북특별자치도  (5200000000),1729337.0,861705.0,867632.0,450432.0,196848.0,253584.0,,,,,,,
2022.0,전북 Jeonbuk,21827.0,19897.0,19122.0,19183.0,15577.0,전북특별자치도,전북특별자치도,무주군,694.0,전북특별자치도  (5200000000),1729337.0,861705.0,867632.0,450432.0,196848.0,253584.0,,,,,,,
2022.0,전북 Jeonbuk,21827.0,19897.0,19122.0,19183.0,15577.0,전북특별자치도,전북특별자치도,부안군,376.0,전북특별자치도  (5200000000),1729337.0,861705.0,867632.0,450432.0,196848.0,253584.0,,,,,,,
2022.0,전북 Jeonbuk,21827.0,19897.0,19122.0,19183.0,15577.0,전북특별자치도,전북특별자치도,순창군,380.0,전북특별자치도  (5200000000),1729337.0,861705.0,867632.0,450432.0,196848.0,253584.0,,,,,,,
2022.0,전북 Jeonbuk,21827.0,19897.0,19122.0,19183.0,15577.0,전북특별자치도,전북특별자치도,완주군,1427.0,전북특별자치도  (5200000000),1729337.0,861705.0,867632.0,450432.0,196848.0,253584.0,,,,,,,
2022.0,전북 Jeonbuk,21827.0,19897.0,19122.0,19183.0,15577.0,전북특별자치도,전북특별자치도,익산시,7291.0,전북특별자치도  (5200000000),1729337.0,861705.0,867632.0,450432.0,196848.0,253584.0,,,,,,,
2022.0,전북 Jeonbuk,21827.0,19897.0,19122.0,19183.0,15577.0,전북특별자치도,전북특별자치도,임실군,241.0,전북특별자치도  (5200000000),1729337.0,861705.0,867632.0,450432.0,196848.0,253584.0,,,,,,,
2022.0,전북 Jeonbuk,21827.0,19897.0,19122.0,19183.0,15577.0,전북특별자치도,전북특별자치도,장수군,461.0,전북특별자치도  (5200000000),1729337.0,861705.0,867632.0,450432.0,196848.0,253584.0,,,,,,,
2022.0,전북 Jeonbuk,21827.0,19897.0,19122.0,19183.0,15577.0,전북특별자치도,전북특별자치도,전주시,1194.5,전북특별자치도  (5200000000),1729337.0,861705.0,867632.0,450432.0,196848.0,253584.0,,,,,,,
2022.0,전북 Jeonbuk,21827.0,19897.0,19122.0,19183.0,15577.0,전북특별자치도,전북특별자치도,정읍시,1731.0,전북특별자치도  (5200000000),1729337.0,861705.0,867632.0,450432.0,196848.0,253584.0,,,,,,,
2022.0,전북 Jeonbuk,21827.0,19897.0,19122.0,19183.0,15577.0,전북특별자치도,전북특별자치도,진안군,324.0,전북특별자치도  (5200000000),1729337.0,861705.0,867632.0,450432.0,196848.0,253584.0,,,,,,,
2023.0,전북 Jeonbuk,23513.0,19745.0,19399.0,20131.0,16923.0,전북특별자치도,전북특별자치도,고창군,720.0,전북특별자치도  (5200000000),1729337.0,861705.0,867632.0,450432.0,196848.0,253584.0,,,,,,,
2023.0,전북 Jeonbuk,23513.0,19745.0,19399.0,20131.0,16923.0,전북특별자치도,전북특별자치도,군산시,2528.0,전북특별자치도  (5200000000),1729337.0,861705.0,867632.0,450432.0,196848.0,253584.0,,,,,,,
2023.0,전북 Jeonbuk,23513.0,19745.0,19399.0,20131.0,16923.0,전북특별자치도,전북특별자치도,김제시,1029.0,전북특별자치도  (5200000000),1729337.0,861705.0,867632.0,450432.0,196848.0,253584.0,,,,,,,
2023.0,전북 Jeonbuk,23513.0,19745.0,19399.0,20131.0,16923.0,전북특별자치도,전북특별자치도,남원시,326.0,전북특별자치도  (5200000000),1729337.0,861705.0,867632.0,450432.0,196848.0,253584.0,,,,,,,
2023.0,전북 Jeonbuk,23513.0,19745.0,19399.0,20131.0,16923.0,전북특별자치도,전북특별자치도,무주군,694.0,전북특별자치도  (5200000000),1729337.0,861705.0,867632.0,450432.0,196848.0,253584.0,,,,,,,
2023.0,전북 Jeonbuk,23513.0,19745.0,19399.0,20131.0,16923.0,전북특별자치도,전북특별자치도,부안군,376.0,전북특별자치도  (5200000000),1729337.0,861705.0,867632.0,450432.0,196848.0,253584.0,,,,,,,
2023.0,전북 Jeonbuk,23513.0,19745.0,19399.0,20131.0,16923.0,전북특별자치도,전북특별자치도,순창군,380.0,전북특별자치도  (5200000000),1729337.0,861705.0,867632.0,450432.0,196848.0,253584.0,,,,,,,
2023.0,전북 Jeonbuk,23513.0,19745.0,19399.0,20131.0,16923.0,전북특별자치도,전북특별자치도,완주군,1427.0,전북특별자치도  (5200000000),1729337.0,861705.0,867632.0,450432.0,196848.0,253584.0,,,,,,,
2023.0,전북 Jeonbuk,23513.0,19745.0,19399.0,20131.0,16923.0,전북특별자치도,전북특별자치도,익산시,7291.0,전북특별자치도  (5200000000),1729337.0,861705.0,867632.0,450432.0,196848.0,253584.0,,,,,,,
2023.0,전북 Jeonbuk,23513.0,19745.0,19399.0,20131.0,16923.0,전북특별자치도,전북특별자치도,임실군,241.0,전북특별자치도  (5200000000),1729337.0,861705.0,867632.0,450432.0,196848.0,253584.0,,,,,,,
2023.0,전북 Jeonbuk,23513.0,19745.0,19399.0,20131.0,16923.0,전북특별자치도,전북특별자치도,장수군,461.0,전북특별자치도  (5200000000),1729337.0,861705.0,867632.0,450432.0,196848.0,253584.0,,,,,,,
2023.0,전북 Jeonbuk,23513.0,19745.0,19399.0,20131.0,16923.0,전북특별자치도,전북특별자치도,전주시,1194.5,전북특별자치도  (5200000000),1729337.0,861705.0,867632.0,450432.0,196848.0,253584.0,,,,,,,
2023.0,전북 Jeonbuk,23513.0,19745.0,19399.0,20131.0,16923.0,전북특별자치도,전북특별자치도,정읍시,1731.0,전북특별자치도  (5200000000),1729337.0,861705.0,867632.0,450432.0,196848.0,253584.0,,,,,,,
2023.0,전북 Jeonbuk,23513.0,19745.0,19399.0,20131.0,16923.0,전북특별자치도,전북특별자치도,진안군,324.0,전북특별자치도  (5200000000),1729337.0,861705.0,867632.0,450432.0,196848.0,253584.0,,,,,,,
2022.0,제주 Jeju,6500.0,4477.0,3822.0,3342.0,3170.0,제주특별자치도,제주특별자치도,서귀포시,6260.0,제주특별자치도  (5000000000),666226.0,332858.0,333368.0,130604.0,57608.0,72996.0,,,,,,,
2022.0,제주 Jeju,6500.0,4477.0,3822.0,3342.0,3170.0,제주특별자치도,제주특별자치도,제주시,1194.5,제주특별자치도  (5000000000),666226.0,332858.0,333368.0,130604.0,57608.0,72996.0,,,,,,,
2023.0,제주 Jeju,7110.0,4570.0,4012.0,3491.0,3490.0,제주특별자치도,제주특별자치도,서귀포시,6260.0,제주특별자치도  (5000000000),666226.0,332858.0,333368.0,130604.0,57608.0,72996.0,,,,,,,
2023.0,제주 Jeju,7110.0,4570.0,4012.0,3491.0,3490.0,제주특별자치도,제주특별자치도,제주시,1194.5,제주특별자치도  (5000000000),666226.0,332858.0,333368.0,130604.0,57608.0,72996.0,,,,,,,
2022.0,충남 Chungnam,23503.0,19625.0,17759.0,17977.0,15804.0,충청남도,충청남도,계룡시,1106.0,충청남도  (4400000000),2136299.0,1096544.0,1039755.0,490744.0,220094.0,270650.0,,,,,,,
2022.0,충남 Chungnam,23503.0,19625.0,17759.0,17977.0,15804.0,충청남도,충청남도,공주시,1132.0,충청남도  (4400000000),2136299.0,1096544.0,1039755.0,490744.0,220094.0,270650.0,,,,,,,
2022.0,충남 Chungnam,23503.0,19625.0,17759.0,17977.0,15804.0,충청남도,충청남도,금산군,152.0,충청남도  (4400000000),2136299.0,1096544.0,1039755.0,490744.0,220094.0,270650.0,,,,,,,
2022.0,충남 Chungnam,23503.0,19625.0,17759.0,17977.0,15804.0,충청남도,충청남도,논산시,1454.0,충청남도  (4400000000),2136299.0,1096544.0,1039755.0,490744.0,220094.0,270650.0,,,,,,,
2022.0,충남 Chungnam,23503.0,19625.0,17759.0,17977.0,15804.0,충청남도,충청남도,당진시,1166.0,충청남도  (4400000000),2136299.0,1096544.0,1039755.0,490744.0,220094.0,270650.0,,,,,,,
2022.0,충남 Chungnam,23503.0,19625.0,17759.0,17977.0,15804.0,충청남도,충청남도,보령시,2850.0,충청남도  (4400000000),2136299.0,1096544.0,1039755.0,490744.0,220094.0,270650.0,,,,,,,
2022.0,충남 Chungnam,23503.0,19625.0,17759.0,17977.0,15804.0,충청남도,충청남도,부여군,2360.0,충청남도  (4400000000),2136299.0,1096544.0,1039755.0,490744.0,220094.0,270650.0,,,,,,,
2022.0,충남 Chungnam,23503.0,19625.0,17759.0,17977.0,15804.0,충청남도,충청남도,서산시,1434.0,충청남도  (4400000000),2136299.0,1096544.0,1039755.0,490744.0,220094.0,270650.0,,,,,,,
2022.0,충남 Chungnam,23503.0,19625.0,17759.0,17977.0,15804.0,충청남도,충청남도,서천군,284.0,충청남도  (4400000000),2136299.0,1096544.0,1039755.0,490744.0,220094.0,270650.0,,,,,,,
2022.0,충남 Chungnam,23503.0,19625.0,17759.0,17977.0,15804.0,충청남도,충청남도,아산시,5843.0,충청남도  (4400000000),2136299.0,1096544.0,1039755.0,490744.0,220094.0,270650.0,,,,,,,
2022.0,충남 Chungnam,23503.0,19625.0,17759.0,17977.0,15804.0,충청남도,충청남도,예산군,2733.0,충청남도  (4400000000),2136299.0,1096544.0,1039755.0,490744.0,220094.0,270650.0,,,,,,,
2022.0,충남 Chungnam,23503.0,19625.0,17759.0,17977.0,15804.0,충청남도,충청남도,천안시,5722.0,충청남도  (4400000000),2136299.0,1096544.0,1039755.0,490744.0,220094.0,270650.0,,,,,,,
2022.0,충남 Chungnam,23503.0,19625.0,17759.0,17977.0,15804.0,충청남도,충청남도,청양군,194.0,충청남도  (4400000000),2136299.0,1096544.0,1039755.0,490744.0,220094.0,270650.0,,,,,,,
2022.0,충남 Chungnam,23503.0,19625.0,17759.0,17977.0,15804.0,충청남도,충청남도,태안군,780.0,충청남도  (4400000000),2136299.0,1096544.0,1039755.0,490744.0,220094.0,270650.0,,,,,,,
2022.0,충남 Chungnam,23503.0,19625.0,17759.0,17977.0,15804.0,충청남도,충청남도,홍성군,4856.0,충청남도  (4400000000),2136299.0,1096544.0,1039755.0,490744.0,220094.0,270650.0,,,,,,,
2023.0,충남 Chungnam,25590.0,20083.0,18145.0,18766.0,17329.0,충청남도,충청남도,계룡시,1106.0,충청남도  (4400000000),2136299.0,1096544.0,1039755.0,490744.0,220094.0,270650.0,,,,,,,
2023.0,충남 Chungnam,25590.0,20083.0,18145.0,18766.0,17329.0,충청남도,충청남도,공주시,1132.0,충청남도  (4400000000),2136299.0,1096544.0,1039755.0,490744.0,220094.0,270650.0,,,,,,,
2023.0,충남 Chungnam,25590.0,20083.0,18145.0,18766.0,17329.0,충청남도,충청남도,금산군,152.0,충청남도  (4400000000),2136299.0,1096544.0,1039755.0,490744.0,220094.0,270650.0,,,,,,,
2023.0,충남 Chungnam,25590.0,20083.0,18145.0,18766.0,17329.0,충청남도,충청남도,논산시,1454.0,충청남도  (4400000000),2136299.0,1096544.0,1039755.0,490744.0,220094.0,270650.0,,,,,,,
2023.0,충남 Chungnam,25590.0,20083.0,18145.0,18766.0,17329.0,충청남도,충청남도,당진시,1166.0,충청남도  (4400000000),2136299.0,1096544.0,1039755.0,490744.0,220094.0,270650.0,,,,,,,
2023.0,충남 Chungnam,25590.0,20083.0,18145.0,18766.0,17329.0,충청남도,충청남도,보령시,2850.0,충청남도  (4400000000),2136299.0,1096544.0,1039755.0,490744.0,220094.0,270650.0,,,,,,,
2023.0,충남 Chungnam,25590.0,20083.0,18145.0,18766.0,17329.0,충청남도,충청남도,부여군,2360.0,충청남도  (4400000000),2136299.0,1096544.0,1039755.0,490744.0,220094.0,270650.0,,,,,,,
2023.0,충남 Chungnam,25590.0,20083.0,18145.0,18766.0,17329.0,충청남도,충청남도,서산시,1434.0,충청남도  (4400000000),2136299.0,1096544.0,1039755.0,490744.0,220094.0,270650.0,,,,,,,
2023.0,충남 Chungnam,25590.0,20083.0,18145.0,18766.0,17329.0,충청남도,충청남도,서천군,284.0,충청남도  (4400000000),2136299.0,1096544.0,1039755.0,490744.0,220094.0,270650.0,,,,,,,
2023.0,충남 Chungnam,25590.0,20083.0,18145.0,18766.0,17329.0,충청남도,충청남도,아산시,5843.0,충청남도  (4400000000),2136299.0,1096544.0,1039755.0,490744.0,220094.0,270650.0,,,,,,,
2023.0,충남 Chungnam,25590.0,20083.0,18145.0,18766.0,17329.0,충청남도,충청남도,예산군,2733.0,충청남도  (4400000000),2136299.0,1096544.0,1039755.0,490744.0,220094.0,270650.0,,,,,,,
2023.0,충남 Chungnam,25590.0,20083.0,18145.0,18766.0,17329.0,충청남도,충청남도,천안시,5722.0,충청남도  (4400000000),2136299.0,1096544.0,1039755.0,490744.0,220094.0,270650.0,,,,,,,
2023.0,충남 Chungnam,25590.0,20083.0,18145.0,18766.0,17329.0,충청남도,충청남도,청양군,194.0,충청남도  (4400000000),2136299.0,1096544.0,1039755.0,490744.0,220094.0,270650.0,,,,,,,
2023.0,충남 Chungnam,25590.0,20083.0,18145.0,18766.0,17329.0,충청남도,충청남도,태안군,780.0,충청남도  (4400000000),2136299.0,1096544.0,1039755.0,490744.0,220094.0,270650.0,,,,,,,
2023.0,충남 Chungnam,25590.0,20083.0,18145.0,18766.0,17329.0,충청남도,충청남도,홍성군,4856.0,충청남도  (4400000000),2136299.0,1096544.0,1039755.0,490744.0,220094.0,270650.0,,,,,,,
2022.0,충북 Chungbuk,19626.0,14255.0,13323.0,13072.0,10043.0,충청북도,충청북도,괴산군,1203.0,충청북도  (4300000000),1591815.0,810991.0,780824.0,359580.0,162093.0,197487.0,,,,,,,
2022.0,충북 Chungbuk,19626.0,14255.0,13323.0,13072.0,10043.0,충청북도,충청북도,단양군,581.0,충청북도  (4300000000),1591815.0,810991.0,780824.0,359580.0,162093.0,197487.0,,,,,,,
2022.0,충북 Chungbuk,19626.0,14255.0,13323.0,13072.0,10043.0,충청북도,충청북도,보은군,2271.0,충청북도  (4300000000),1591815.0,810991.0,780824.0,359580.0,162093.0,197487.0,,,,,,,
2022.0,충북 Chungbuk,19626.0,14255.0,13323.0,13072.0,10043.0,충청북도,충청북도,영동군,824.0,충청북도  (4300000000),1591815.0,810991.0,780824.0,359580.0,162093.0,197487.0,,,,,,,
2022.0,충북 Chungbuk,19626.0,14255.0,13323.0,13072.0,10043.0,충청북도,충청북도,옥천군,723.0,충청북도  (4300000000),1591815.0,810991.0,780824.0,359580.0,162093.0,197487.0,,,,,,,
2022.0,충북 Chungbuk,19626.0,14255.0,13323.0,13072.0,10043.0,충청북도,충청북도,음성군,789.0,충청북도  (4300000000),1591815.0,810991.0,780824.0,359580.0,162093.0,197487.0,,,,,,,
2022.0,충북 Chungbuk,19626.0,14255.0,13323.0,13072.0,10043.0,충청북도,충청북도,제천시,3963.0,충청북도  (4300000000),1591815.0,810991.0,780824.0,359580.0,162093.0,197487.0,,,,,,,
2022.0,충북 Chungbuk,19626.0,14255.0,13323.0,13072.0,10043.0,충청북도,충청북도,증평군,603.0,충청북도  (4300000000),1591815.0,810991.0,780824.0,359580.0,162093.0,197487.0,,,,,,,
2022.0,충북 Chungbuk,19626.0,14255.0,13323.0,13072.0,10043.0,충청북도,충청북도,진천군,865.0,충청북도  (4300000000),1591815.0,810991.0,780824.0,359580.0,162093.0,197487.0,,,,,,,
2022.0,충북 Chungbuk,19626.0,14255.0,13323.0,13072.0,10043.0,충청북도,충청북도,청주시,1194.5,충청북도  (4300000000),1591815.0,810991.0,780824.0,359580.0,162093.0,197487.0,,,,,,,
2022.0,충북 Chungbuk,19626.0,14255.0,13323.0,13072.0,10043.0,충청북도,충청북도,충주시,3487.0,충청북도  (4300000000),1591815.0,810991.0,780824.0,359580.0,162093.0,197487.0,,,,,,,
2023.0,충북 Chungbuk,21494.0,15010.0,13487.0,13898.0,11121.0,충청북도,충청북도,괴산군,1203.0,충청북도  (4300000000),1591815.0,810991.0,780824.0,359580.0,162093.0,197487.0,,,,,,,
2023.0,충북 Chungbuk,21494.0,15010.0,13487.0,13898.0,11121.0,충청북도,충청북도,단양군,581.0,충청북도  (4300000000),1591815.0,810991.0,780824.0,359580.0,162093.0,197487.0,,,,,,,
2023.0,충북 Chungbuk,21494.0,15010.0,13487.0,13898.0,11121.0,충청북도,충청북도,보은군,2271.0,충청북도  (4300000000),1591815.0,810991.0,780824.0,359580.0,162093.0,197487.0,,,,,,,
2023.0,충북 Chungbuk,21494.0,15010.0,13487.0,13898.0,11121.0,충청북도,충청북도,영동군,824.0,충청북도  (4300000000),1591815.0,810991.0,780824.0,359580.0,162093.0,197487.0,,,,,,,
2023.0,충북 Chungbuk,21494.0,15010.0,13487.0,13898.0,11121.0,충청북도,충청북도,옥천군,723.0,충청북도  (4300000000),1591815.0,810991.0,780824.0,359580.0,162093.0,197487.0,,,,,,,
2023.0,충북 Chungbuk,21494.0,15010.0,13487.0,13898.0,11121.0,충청북도,충청북도,음성군,789.0,충청북도  (4300000000),1591815.0,810991.0,780824.0,359580.0,162093.0,197487.0,,,,,,,
2023.0,충북 Chungbuk,21494.0,15010.0,13487.0,13898.0,11121.0,충청북도,충청북도,제천시,3963.0,충청북도  (4300000000),1591815.0,810991.0,780824.0,359580.0,162093.0,197487.0,,,,,,,
2023.0,충북 Chungbuk,21494.0,15010.0,13487.0,13898.0,11121.0,충청북도,충청북도,증평군,603.0,충청북도  (4300000000),1591815.0,810991.0,780824.0,359580.0,162093.0,197487.0,,,,,,,
2023.0,충북 Chungbuk,21494.0,15010.0,13487.0,13898.0,11121.0,충청북도,충청북도,진천군,865.0,충청북도  (4300000000),1591815.0,810991.0,780824.0,359580.0,162093.0,197487.0,,,,,,,
2023.0,충북 Chungbuk,21494.0,15010.0,13487.0,13898.0,11121.0,충청북도,충청북도,청주시,1194.5,충청북도  (4300000000),1591815.0,810991.0,780824.0,359580.0,162093.0,197487.0,,,,,,,
2023.0,충북 Chungbuk,21494.0,15010.0,13487.0,13898.0,11121.0,충청북도,충청북도,충주시,3487.0,충청북도  (4300000000),1591815.0,810991.0,780824.0,359580.0,162093.0,197487.0,,,,,,,
,,,,,,,합계,,,,,,,,,,,합계,,4541.0,281420.0,24397282.0,73829.0,20688.0
